SolidWorks IGES file using analytic representation for surfaces         S      1
1H,,1H;,6Hlampe2,39H\\Mac\Home\Desktop\fragment\lampe2a.IGS,15HSolidWorkG      1
s 2023,15HSolidWorks 2023,32,308,15,308,15,6Hlampe2,1.,2,2HMM,50,0.125, G      2
13H260607.004229,1E-08,499990.,13Hclemencebirot,,11,0,13H260607.004229; G      3
     314       1       0       0       0                        00000200D      1
     314       0       8       1       0                               0D      2
     110       2       0       0       0                        01010000D      3
     110       0       0       1       0                               0D      4
     110       3       0       0       0                        01010000D      5
     110       0       0       1       0                               0D      6
     120       4       0       0       0                        01010000D      7
     120       0       0       1       0                               0D      8
     126       5       0       0       0                        01010500D      9
     126       0       0       2       0                               0D     10
     110       7       0       0       0                        01010000D     11
     110       0       0       1       0                               0D     12
     126       8       0       0       0                        01010500D     13
     126       0       0       2       0                               0D     14
     124      10       0       0       0                        00000000D     15
     124       0       0       3       0                               0D     16
     100      13       0       0       0              15        01010000D     17
     100       0       0       1       0                               0D     18
     126      14       0       0       0                        01010500D     19
     126       0       0       2       0                               0D     20
     110      16       0       0       0                        01010000D     21
     110       0       0       1       0                               0D     22
     126      17       0       0       0                        01010500D     23
     126       0       0      44       0                               0D     24
     126      61       0       0       0                        01010000D     25
     126       0       0       3       0                               0D     26
     102      64       0       0       0                        01010500D     27
     102       0       0       1       0                               0D     28
     102      65       0       0       0                        01010000D     29
     102       0       0       1       0                               0D     30
     142      66       0       0       0                        00010500D     31
     142       0       0       1       0                               0D     32
     144      67       0       0       1                        00010000D     33
     144       0      -1       1       0                               0D     34
     110      68       0       0       0                        01010000D     35
     110       0       0       1       0                               0D     36
     110      69       0       0       0                        01010000D     37
     110       0       0       1       0                               0D     38
     120      70       0       0       0                        01010000D     39
     120       0       0       1       0                               0D     40
     126      71       0       0       0                        01010500D     41
     126       0       0      47       0                               0D     42
     126     118       0       0       0                        01010000D     43
     126       0       0       3       0                               0D     44
     126     121       0       0       0                        01010500D     45
     126       0       0       2       0                               0D     46
     110     123       0       0       0                        01010000D     47
     110       0       0       1       0                               0D     48
     126     124       0       0       0                        01010500D     49
     126       0       0       2       0                               0D     50
     124     126       0       0       0                        00000000D     51
     124       0       0       3       0                               0D     52
     100     129       0       0       0              51        01010000D     53
     100       0       0       1       0                               0D     54
     126     130       0       0       0                        01010500D     55
     126       0       0       2       0                               0D     56
     110     132       0       0       0                        01010000D     57
     110       0       0       1       0                               0D     58
     102     133       0       0       0                        01010500D     59
     102       0       0       1       0                               0D     60
     102     134       0       0       0                        01010000D     61
     102       0       0       1       0                               0D     62
     142     135       0       0       0                        00010500D     63
     142       0       0       1       0                               0D     64
     144     136       0       0       1                        00010000D     65
     144       0      -1       1       0                               0D     66
     110     137       0       0       0                        01010000D     67
     110       0       0       1       0                               0D     68
     110     138       0       0       0                        01010000D     69
     110       0       0       1       0                               0D     70
     120     139       0       0       0                        01010000D     71
     120       0       0       1       0                               0D     72
     126     140       0       0       0                        01010500D     73
     126       0       0       2       0                               0D     74
     110     142       0       0       0                        01010000D     75
     110       0       0       1       0                               0D     76
     126     143       0       0       0                        01010500D     77
     126       0       0      47       0                               0D     78
     126     190       0       0       0                        01010000D     79
     126       0       0       3       0                               0D     80
     126     193       0       0       0                        01010500D     81
     126       0       0       2       0                               0D     82
     110     195       0       0       0                        01010000D     83
     110       0       0       1       0                               0D     84
     126     196       0       0       0                        01010500D     85
     126       0       0       2       0                               0D     86
     124     198       0       0       0                        00000000D     87
     124       0       0       3       0                               0D     88
     100     201       0       0       0              87        01010000D     89
     100       0       0       1       0                               0D     90
     102     202       0       0       0                        01010500D     91
     102       0       0       1       0                               0D     92
     102     203       0       0       0                        01010000D     93
     102       0       0       1       0                               0D     94
     142     204       0       0       0                        00010500D     95
     142       0       0       1       0                               0D     96
     144     205       0       0       1                        00010000D     97
     144       0      -1       1       0                               0D     98
     128     206       0       0       0                        01010000D     99
     128       0       0       3       0                               0D    100
     126     209       0       0       0                        01010500D    101
     126       0       0      44       0                               0D    102
     124     253       0       0       0                        00000000D    103
     124       0       0       3       0                               0D    104
     100     256       0       0       0             103        01010000D    105
     100       0       0       1       0                               0D    106
     126     257       0       0       0                        01010500D    107
     126       0       0      44       0                               0D    108
     124     301       0       0       0                        00000000D    109
     124       0       0       3       0                               0D    110
     100     304       0       0       0             109        01010000D    111
     100       0       0       1       0                               0D    112
     102     305       0       0       0                        01010500D    113
     102       0       0       1       0                               0D    114
     102     306       0       0       0                        01010000D    115
     102       0       0       1       0                               0D    116
     142     307       0       0       0                        00010500D    117
     142       0       0       1       0                               0D    118
     144     308       0       0       1                        00010000D    119
     144       0      -1       1       0                               0D    120
     128     309       0       0       0                        01010000D    121
     128       0       0       3       0                               0D    122
     126     312       0       0       0                        01010500D    123
     126       0       0      44       0                               0D    124
     126     356       0       0       0                        01010000D    125
     126       0       0       3       0                               0D    126
     126     359       0       0       0                        01010500D    127
     126       0       0       2       0                               0D    128
     110     361       0       0       0                        01010000D    129
     110       0       0       1       0                               0D    130
     126     362       0       0       0                        01010500D    131
     126       0       0      43       0                               0D    132
     126     405       0       0       0                        01010000D    133
     126       0       0       3       0                               0D    134
     126     408       0       0       0                        01010500D    135
     126       0       0       2       0                               0D    136
     110     410       0       0       0                        01010000D    137
     110       0       0       1       0                               0D    138
     102     411       0       0       0                        01010500D    139
     102       0       0       1       0                               0D    140
     102     412       0       0       0                        01010000D    141
     102       0       0       1       0                               0D    142
     142     413       0       0       0                        00010500D    143
     142       0       0       1       0                               0D    144
     144     414       0       0       1                        00010000D    145
     144       0      -1       1       0                               0D    146
     128     415       0       0       0                        01010000D    147
     128       0       0       3       0                               0D    148
     126     418       0       0       0                        01010500D    149
     126       0       0      44       0                               0D    150
     126     462       0       0       0                        01010000D    151
     126       0       0       3       0                               0D    152
     126     465       0       0       0                        01010500D    153
     126       0       0       2       0                               0D    154
     110     467       0       0       0                        01010000D    155
     110       0       0       1       0                               0D    156
     126     468       0       0       0                        01010500D    157
     126       0       0      43       0                               0D    158
     126     511       0       0       0                        01010000D    159
     126       0       0       3       0                               0D    160
     126     514       0       0       0                        01010500D    161
     126       0       0       2       0                               0D    162
     110     516       0       0       0                        01010000D    163
     110       0       0       1       0                               0D    164
     102     517       0       0       0                        01010500D    165
     102       0       0       1       0                               0D    166
     102     518       0       0       0                        01010000D    167
     102       0       0       1       0                               0D    168
     142     519       0       0       0                        00010500D    169
     142       0       0       1       0                               0D    170
     144     520       0       0       1                        00010000D    171
     144       0      -1       1       0                               0D    172
     128     521       0       0       0                        01010000D    173
     128       0       0       3       0                               0D    174
     126     524       0       0       0                        01010500D    175
     126       0       0      44       0                               0D    176
     124     568       0       0       0                        00000000D    177
     124       0       0       3       0                               0D    178
     100     571       0       0       0             177        01010000D    179
     100       0       0       1       0                               0D    180
     126     572       0       0       0                        01010500D    181
     126       0       0      44       0                               0D    182
     124     616       0       0       0                        00000000D    183
     124       0       0       3       0                               0D    184
     100     619       0       0       0             183        01010000D    185
     100       0       0       1       0                               0D    186
     102     620       0       0       0                        01010500D    187
     102       0       0       1       0                               0D    188
     102     621       0       0       0                        01010000D    189
     102       0       0       1       0                               0D    190
     142     622       0       0       0                        00010500D    191
     142       0       0       1       0                               0D    192
     144     623       0       0       1                        00010000D    193
     144       0      -1       1       0                               0D    194
     110     624       0       0       0                        01010000D    195
     110       0       0       1       0                               0D    196
     110     625       0       0       0                        01010000D    197
     110       0       0       1       0                               0D    198
     120     626       0       0       0                        01010000D    199
     120       0       0       1       0                               0D    200
     126     627       0       0       0                        01010500D    201
     126       0       0       2       0                               0D    202
     124     629       0       0       0                        00000000D    203
     124       0       0       3       0                               0D    204
     100     632       0       0       0             203        01010000D    205
     100       0       0       1       0                               0D    206
     126     633       0       0       0                        01010500D    207
     126       0       0       2       0                               0D    208
     110     635       0       0       0                        01010000D    209
     110       0       0       1       0                               0D    210
     126     636       0       0       0                        01010500D    211
     126       0       0      44       0                               0D    212
     126     680       0       0       0                        01010000D    213
     126       0       0       3       0                               0D    214
     126     683       0       0       0                        01010500D    215
     126       0       0       2       0                               0D    216
     110     685       0       0       0                        01010000D    217
     110       0       0       1       0                               0D    218
     102     686       0       0       0                        01010500D    219
     102       0       0       1       0                               0D    220
     102     687       0       0       0                        01010000D    221
     102       0       0       1       0                               0D    222
     142     688       0       0       0                        00010500D    223
     142       0       0       1       0                               0D    224
     144     689       0       0       1                        00010000D    225
     144       0      -1       1       0                               0D    226
     110     690       0       0       0                        01010000D    227
     110       0       0       2       0                               0D    228
     110     692       0       0       0                        01010000D    229
     110       0       0       2       0                               0D    230
     120     694       0       0       0                        01010000D    231
     120       0       0       1       0                               0D    232
     126     695       0       0       0                        01010500D    233
     126       0       0       2       0                               0D    234
     110     697       0       0       0                        01010000D    235
     110       0       0       2       0                               0D    236
     126     699       0       0       0                        01010500D    237
     126       0       0       2       0                               0D    238
     124     701       0       0       0                        00000000D    239
     124       0       0       4       0                               0D    240
     100     705       0       0       0             239        01010000D    241
     100       0       0       2       0                               0D    242
     126     707       0       0       0                        01010500D    243
     126       0       0       2       0                               0D    244
     110     709       0       0       0                        01010000D    245
     110       0       0       2       0                               0D    246
     126     711       0       0       0                        01010500D    247
     126       0       0       2       0                               0D    248
     124     713       0       0       0                        00000000D    249
     124       0       0       4       0                               0D    250
     100     717       0       0       0             249        01010000D    251
     100       0       0       2       0                               0D    252
     102     719       0       0       0                        01010500D    253
     102       0       0       1       0                               0D    254
     102     720       0       0       0                        01010000D    255
     102       0       0       1       0                               0D    256
     142     721       0       0       0                        00010500D    257
     142       0       0       1       0                               0D    258
     144     722       0       0       2                        00010000D    259
     144       0      -1       1       0                               0D    260
     110     723       0       0       0                        01010000D    261
     110       0       0       1       0                               0D    262
     110     724       0       0       0                        01010000D    263
     110       0       0       1       0                               0D    264
     120     725       0       0       0                        01010000D    265
     120       0       0       1       0                               0D    266
     126     726       0       0       0                        01010500D    267
     126       0       0       2       0                               0D    268
     110     728       0       0       0                        01010000D    269
     110       0       0       1       0                               0D    270
     126     729       0       0       0                        01010500D    271
     126       0       0      31       0                               0D    272
     126     760       0       0       0                        01010000D    273
     126       0       0       5       0                               0D    274
     126     765       0       0       0                        01010500D    275
     126       0       0       2       0                               0D    276
     110     767       0       0       0                        01010000D    277
     110       0       0       1       0                               0D    278
     126     768       0       0       0                        01010500D    279
     126       0       0      31       0                               0D    280
     126     799       0       0       0                        01010000D    281
     126       0       0       5       0                               0D    282
     102     804       0       0       0                        01010500D    283
     102       0       0       1       0                               0D    284
     102     805       0       0       0                        01010000D    285
     102       0       0       1       0                               0D    286
     142     806       0       0       0                        00010500D    287
     142       0       0       1       0                               0D    288
     144     807       0       0       2                        00010000D    289
     144       0      -1       1       0                               0D    290
     128     808       0       0       0                        01010000D    291
     128       0       0       4       0                               0D    292
     126     812       0       0       0                        01010500D    293
     126       0       0       2       0                               0D    294
     110     814       0       0       0                        01010000D    295
     110       0       0       2       0                               0D    296
     126     816       0       0       0                        01010500D    297
     126       0       0       2       0                               0D    298
     110     818       0       0       0                        01010000D    299
     110       0       0       2       0                               0D    300
     126     820       0       0       0                        01010500D    301
     126       0       0       2       0                               0D    302
     110     822       0       0       0                        01010000D    303
     110       0       0       2       0                               0D    304
     126     824       0       0       0                        01010500D    305
     126       0       0       2       0                               0D    306
     110     826       0       0       0                        01010000D    307
     110       0       0       2       0                               0D    308
     102     828       0       0       0                        01010500D    309
     102       0       0       1       0                               0D    310
     102     829       0       0       0                        01010000D    311
     102       0       0       1       0                               0D    312
     142     830       0       0       0                        00010500D    313
     142       0       0       1       0                               0D    314
     144     831       0       0       2                        00010000D    315
     144       0      -1       1       0                               0D    316
     128     832       0       0       0                        01010000D    317
     128       0       0       4       0                               0D    318
     126     836       0       0       0                        01010500D    319
     126       0       0       2       0                               0D    320
     110     838       0       0       0                        01010000D    321
     110       0       0       2       0                               0D    322
     126     840       0       0       0                        01010500D    323
     126       0       0       2       0                               0D    324
     110     842       0       0       0                        01010000D    325
     110       0       0       2       0                               0D    326
     126     844       0       0       0                        01010500D    327
     126       0       0       2       0                               0D    328
     110     846       0       0       0                        01010000D    329
     110       0       0       2       0                               0D    330
     126     848       0       0       0                        01010500D    331
     126       0       0       2       0                               0D    332
     110     850       0       0       0                        01010000D    333
     110       0       0       2       0                               0D    334
     102     852       0       0       0                        01010500D    335
     102       0       0       1       0                               0D    336
     102     853       0       0       0                        01010000D    337
     102       0       0       1       0                               0D    338
     142     854       0       0       0                        00010500D    339
     142       0       0       1       0                               0D    340
     144     855       0       0       2                        00010000D    341
     144       0      -1       1       0                               0D    342
     128     856       0       0       0                        01010000D    343
     128       0       0       3       0                               0D    344
     126     859       0       0       0                        01010500D    345
     126       0       0       2       0                               0D    346
     110     861       0       0       0                        01010000D    347
     110       0       0       1       0                               0D    348
     126     862       0       0       0                        01010500D    349
     126       0       0       2       0                               0D    350
     110     864       0       0       0                        01010000D    351
     110       0       0       1       0                               0D    352
     126     865       0       0       0                        01010500D    353
     126       0       0       2       0                               0D    354
     110     867       0       0       0                        01010000D    355
     110       0       0       2       0                               0D    356
     126     869       0       0       0                        01010500D    357
     126       0       0       2       0                               0D    358
     110     871       0       0       0                        01010000D    359
     110       0       0       1       0                               0D    360
     126     872       0       0       0                        01010500D    361
     126       0       0       2       0                               0D    362
     110     874       0       0       0                        01010000D    363
     110       0       0       1       0                               0D    364
     126     875       0       0       0                        01010500D    365
     126       0       0      43       0                               0D    366
     126     918       0       0       0                        01010000D    367
     126       0       0       5       0                               0D    368
     102     923       0       0       0                        01010500D    369
     102       0       0       1       0                               0D    370
     102     924       0       0       0                        01010000D    371
     102       0       0       1       0                               0D    372
     142     925       0       0       0                        00010500D    373
     142       0       0       1       0                               0D    374
     144     926       0       0       2                        00010000D    375
     144       0      -1       1       0                               0D    376
     128     927       0       0       0                        01010000D    377
     128       0       0       3       0                               0D    378
     126     930       0       0       0                        01010500D    379
     126       0       0       2       0                               0D    380
     110     932       0       0       0                        01010000D    381
     110       0       0       1       0                               0D    382
     126     933       0       0       0                        01010500D    383
     126       0       0      43       0                               0D    384
     126     976       0       0       0                        01010000D    385
     126       0       0       5       0                               0D    386
     126     981       0       0       0                        01010500D    387
     126       0       0       2       0                               0D    388
     110     983       0       0       0                        01010000D    389
     110       0       0       1       0                               0D    390
     126     984       0       0       0                        01010500D    391
     126       0       0       2       0                               0D    392
     110     986       0       0       0                        01010000D    393
     110       0       0       1       0                               0D    394
     126     987       0       0       0                        01010500D    395
     126       0       0      22       0                               0D    396
     124    1009       0       0       0                        00000000D    397
     124       0       0       4       0                               0D    398
     100    1013       0       0       0             397        01010000D    399
     100       0       0       2       0                               0D    400
     126    1015       0       0       0                        01010500D    401
     126       0       0       2       0                               0D    402
     110    1017       0       0       0                        01010000D    403
     110       0       0       2       0                               0D    404
     126    1019       0       0       0                        01010500D    405
     126       0       0       2       0                               0D    406
     110    1021       0       0       0                        01010000D    407
     110       0       0       2       0                               0D    408
     126    1023       0       0       0                        01010500D    409
     126       0       0      44       0                               0D    410
     124    1067       0       0       0                        00000000D    411
     124       0       0       4       0                               0D    412
     100    1071       0       0       0             411        01010000D    413
     100       0       0       2       0                               0D    414
     126    1073       0       0       0                        01010500D    415
     126       0       0      44       0                               0D    416
     124    1117       0       0       0                        00000000D    417
     124       0       0       4       0                               0D    418
     100    1121       0       0       0             417        01010000D    419
     100       0       0       2       0                               0D    420
     126    1123       0       0       0                        01010500D    421
     126       0       0       2       0                               0D    422
     110    1125       0       0       0                        01010000D    423
     110       0       0       2       0                               0D    424
     126    1127       0       0       0                        01010500D    425
     126       0       0       2       0                               0D    426
     110    1129       0       0       0                        01010000D    427
     110       0       0       2       0                               0D    428
     126    1131       0       0       0                        01010500D    429
     126       0       0      22       0                               0D    430
     124    1153       0       0       0                        00000000D    431
     124       0       0       4       0                               0D    432
     100    1157       0       0       0             431        01010000D    433
     100       0       0       2       0                               0D    434
     126    1159       0       0       0                        01010500D    435
     126       0       0       2       0                               0D    436
     110    1161       0       0       0                        01010000D    437
     110       0       0       1       0                               0D    438
     102    1162       0       0       0                        01010500D    439
     102       0       0       1       0                               0D    440
     102    1163       0       0       0                        01010000D    441
     102       0       0       1       0                               0D    442
     142    1164       0       0       0                        00010500D    443
     142       0       0       1       0                               0D    444
     144    1165       0       0       2                        00010000D    445
     144       0      -1       1       0                               0D    446
     128    1166       0       0       0                        01010000D    447
     128       0       0       4       0                               0D    448
     126    1170       0       0       0                        01010500D    449
     126       0       0       2       0                               0D    450
     110    1172       0       0       0                        01010000D    451
     110       0       0       2       0                               0D    452
     126    1174       0       0       0                        01010500D    453
     126       0       0       2       0                               0D    454
     110    1176       0       0       0                        01010000D    455
     110       0       0       2       0                               0D    456
     126    1178       0       0       0                        01010500D    457
     126       0       0       2       0                               0D    458
     110    1180       0       0       0                        01010000D    459
     110       0       0       2       0                               0D    460
     126    1182       0       0       0                        01010500D    461
     126       0       0       2       0                               0D    462
     110    1184       0       0       0                        01010000D    463
     110       0       0       2       0                               0D    464
     102    1186       0       0       0                        01010500D    465
     102       0       0       1       0                               0D    466
     102    1187       0       0       0                        01010000D    467
     102       0       0       1       0                               0D    468
     142    1188       0       0       0                        00010500D    469
     142       0       0       1       0                               0D    470
     144    1189       0       0       2                        00010000D    471
     144       0      -1       1       0                               0D    472
     128    1190       0       0       0                        01010000D    473
     128       0       0       3       0                               0D    474
     126    1193       0       0       0                        01010500D    475
     126       0       0       2       0                               0D    476
     110    1195       0       0       0                        01010000D    477
     110       0       0       2       0                               0D    478
     126    1197       0       0       0                        01010500D    479
     126       0       0      44       0                               0D    480
     124    1241       0       0       0                        00000000D    481
     124       0       0       4       0                               0D    482
     100    1245       0       0       0             481        01010000D    483
     100       0       0       2       0                               0D    484
     126    1247       0       0       0                        01010500D    485
     126       0       0      44       0                               0D    486
     124    1291       0       0       0                        00000000D    487
     124       0       0       4       0                               0D    488
     100    1295       0       0       0             487        01010000D    489
     100       0       0       2       0                               0D    490
     126    1297       0       0       0                        01010500D    491
     126       0       0       2       0                               0D    492
     110    1299       0       0       0                        01010000D    493
     110       0       0       2       0                               0D    494
     126    1301       0       0       0                        01010500D    495
     126       0       0       2       0                               0D    496
     110    1303       0       0       0                        01010000D    497
     110       0       0       2       0                               0D    498
     126    1305       0       0       0                        01010500D    499
     126       0       0      22       0                               0D    500
     124    1327       0       0       0                        00000000D    501
     124       0       0       4       0                               0D    502
     100    1331       0       0       0             501        01010000D    503
     100       0       0       2       0                               0D    504
     126    1333       0       0       0                        01010500D    505
     126       0       0       2       0                               0D    506
     110    1335       0       0       0                        01010000D    507
     110       0       0       1       0                               0D    508
     126    1336       0       0       0                        01010500D    509
     126       0       0       2       0                               0D    510
     110    1338       0       0       0                        01010000D    511
     110       0       0       1       0                               0D    512
     126    1339       0       0       0                        01010500D    513
     126       0       0      43       0                               0D    514
     126    1382       0       0       0                        01010000D    515
     126       0       0       5       0                               0D    516
     126    1387       0       0       0                        01010500D    517
     126       0       0       2       0                               0D    518
     110    1389       0       0       0                        01010000D    519
     110       0       0       1       0                               0D    520
     126    1390       0       0       0                        01010500D    521
     126       0       0       2       0                               0D    522
     110    1392       0       0       0                        01010000D    523
     110       0       0       1       0                               0D    524
     126    1393       0       0       0                        01010500D    525
     126       0       0      22       0                               0D    526
     124    1415       0       0       0                        00000000D    527
     124       0       0       4       0                               0D    528
     100    1419       0       0       0             527        01010000D    529
     100       0       0       2       0                               0D    530
     126    1421       0       0       0                        01010500D    531
     126       0       0       2       0                               0D    532
     110    1423       0       0       0                        01010000D    533
     110       0       0       2       0                               0D    534
     102    1425       0       0       0                        01010500D    535
     102       0       0       1       0                               0D    536
     102    1426       0       0       0                        01010000D    537
     102       0       0       1       0                               0D    538
     142    1427       0       0       0                        00010500D    539
     142       0       0       1       0                               0D    540
     144    1428       0       0       2                        00010000D    541
     144       0      -1       1       0                               0D    542
     128    1429       0       0       0                        01010000D    543
     128       0       0       4       0                               0D    544
     126    1433       0       0       0                        01010500D    545
     126       0       0       2       0                               0D    546
     110    1435       0       0       0                        01010000D    547
     110       0       0       1       0                               0D    548
     126    1436       0       0       0                        01010500D    549
     126       0       0       2       0                               0D    550
     110    1438       0       0       0                        01010000D    551
     110       0       0       1       0                               0D    552
     126    1439       0       0       0                        01010500D    553
     126       0       0       2       0                               0D    554
     110    1441       0       0       0                        01010000D    555
     110       0       0       2       0                               0D    556
     126    1443       0       0       0                        01010500D    557
     126       0       0       2       0                               0D    558
     110    1445       0       0       0                        01010000D    559
     110       0       0       1       0                               0D    560
     126    1446       0       0       0                        01010500D    561
     126       0       0       2       0                               0D    562
     110    1448       0       0       0                        01010000D    563
     110       0       0       1       0                               0D    564
     126    1449       0       0       0                        01010500D    565
     126       0       0      43       0                               0D    566
     126    1492       0       0       0                        01010000D    567
     126       0       0       5       0                               0D    568
     102    1497       0       0       0                        01010500D    569
     102       0       0       1       0                               0D    570
     102    1498       0       0       0                        01010000D    571
     102       0       0       1       0                               0D    572
     142    1499       0       0       0                        00010500D    573
     142       0       0       1       0                               0D    574
     144    1500       0       0       2                        00010000D    575
     144       0      -1       1       0                               0D    576
     128    1501       0       0       0                        01010000D    577
     128       0       0       3       0                               0D    578
     126    1504       0       0       0                        01010500D    579
     126       0       0       2       0                               0D    580
     110    1506       0       0       0                        01010000D    581
     110       0       0       1       0                               0D    582
     126    1507       0       0       0                        01010500D    583
     126       0       0       2       0                               0D    584
     110    1509       0       0       0                        01010000D    585
     110       0       0       2       0                               0D    586
     126    1511       0       0       0                        01010500D    587
     126       0       0       2       0                               0D    588
     110    1513       0       0       0                        01010000D    589
     110       0       0       1       0                               0D    590
     126    1514       0       0       0                        01010500D    591
     126       0       0       2       0                               0D    592
     110    1516       0       0       0                        01010000D    593
     110       0       0       1       0                               0D    594
     126    1517       0       0       0                        01010500D    595
     126       0       0       2       0                               0D    596
     110    1519       0       0       0                        01010000D    597
     110       0       0       2       0                               0D    598
     126    1521       0       0       0                        01010500D    599
     126       0       0       2       0                               0D    600
     110    1523       0       0       0                        01010000D    601
     110       0       0       1       0                               0D    602
     102    1524       0       0       0                        01010500D    603
     102       0       0       1       0                               0D    604
     102    1525       0       0       0                        01010000D    605
     102       0       0       1       0                               0D    606
     142    1526       0       0       0                        00010500D    607
     142       0       0       1       0                               0D    608
     144    1527       0       0       2                        00010000D    609
     144       0      -1       1       0                               0D    610
     128    1528       0       0       0                        01010000D    611
     128       0       0       4       0                               0D    612
     126    1532       0       0       0                        01010500D    613
     126       0       0       2       0                               0D    614
     110    1534       0       0       0                        01010000D    615
     110       0       0       1       0                               0D    616
     126    1535       0       0       0                        01010500D    617
     126       0       0       2       0                               0D    618
     110    1537       0       0       0                        01010000D    619
     110       0       0       2       0                               0D    620
     126    1539       0       0       0                        01010500D    621
     126       0       0       2       0                               0D    622
     110    1541       0       0       0                        01010000D    623
     110       0       0       1       0                               0D    624
     126    1542       0       0       0                        01010500D    625
     126       0       0       2       0                               0D    626
     110    1544       0       0       0                        01010000D    627
     110       0       0       1       0                               0D    628
     126    1545       0       0       0                        01010500D    629
     126       0       0       2       0                               0D    630
     110    1547       0       0       0                        01010000D    631
     110       0       0       2       0                               0D    632
     126    1549       0       0       0                        01010500D    633
     126       0       0       2       0                               0D    634
     110    1551       0       0       0                        01010000D    635
     110       0       0       1       0                               0D    636
     102    1552       0       0       0                        01010500D    637
     102       0       0       1       0                               0D    638
     102    1553       0       0       0                        01010000D    639
     102       0       0       1       0                               0D    640
     142    1554       0       0       0                        00010500D    641
     142       0       0       1       0                               0D    642
     144    1555       0       0       2                        00010000D    643
     144       0      -1       1       0                               0D    644
     110    1556       0       0       0                        01010000D    645
     110       0       0       1       0                               0D    646
     110    1557       0       0       0                        01010000D    647
     110       0       0       1       0                               0D    648
     120    1558       0       0       0                        01010000D    649
     120       0       0       1       0                               0D    650
     126    1559       0       0       0                        01010500D    651
     126       0       0      30       0                               0D    652
     126    1589       0       0       0                        01010000D    653
     126       0       0       5       0                               0D    654
     126    1594       0       0       0                        01010500D    655
     126       0       0       2       0                               0D    656
     110    1596       0       0       0                        01010000D    657
     110       0       0       1       0                               0D    658
     126    1597       0       0       0                        01010500D    659
     126       0       0      30       0                               0D    660
     126    1627       0       0       0                        01010000D    661
     126       0       0       5       0                               0D    662
     126    1632       0       0       0                        01010500D    663
     126       0       0       2       0                               0D    664
     110    1634       0       0       0                        01010000D    665
     110       0       0       1       0                               0D    666
     102    1635       0       0       0                        01010500D    667
     102       0       0       1       0                               0D    668
     102    1636       0       0       0                        01010000D    669
     102       0       0       1       0                               0D    670
     142    1637       0       0       0                        00010500D    671
     142       0       0       1       0                               0D    672
     144    1638       0       0       2                        00010000D    673
     144       0      -1       1       0                               0D    674
     110    1639       0       0       0                        01010000D    675
     110       0       0       2       0                               0D    676
     110    1641       0       0       0                        01010000D    677
     110       0       0       2       0                               0D    678
     120    1643       0       0       0                        01010000D    679
     120       0       0       1       0                               0D    680
     126    1644       0       0       0                        01010500D    681
     126       0       0       2       0                               0D    682
     124    1646       0       0       0                        00000000D    683
     124       0       0       4       0                               0D    684
     100    1650       0       0       0             683        01010000D    685
     100       0       0       2       0                               0D    686
     126    1652       0       0       0                        01010500D    687
     126       0       0       2       0                               0D    688
     110    1654       0       0       0                        01010000D    689
     110       0       0       2       0                               0D    690
     126    1656       0       0       0                        01010500D    691
     126       0       0       2       0                               0D    692
     124    1658       0       0       0                        00000000D    693
     124       0       0       4       0                               0D    694
     100    1662       0       0       0             693        01010000D    695
     100       0       0       2       0                               0D    696
     126    1664       0       0       0                        01010500D    697
     126       0       0       2       0                               0D    698
     110    1666       0       0       0                        01010000D    699
     110       0       0       2       0                               0D    700
     102    1668       0       0       0                        01010500D    701
     102       0       0       1       0                               0D    702
     102    1669       0       0       0                        01010000D    703
     102       0       0       1       0                               0D    704
     142    1670       0       0       0                        00010500D    705
     142       0       0       1       0                               0D    706
     144    1671       0       0       2                        00010000D    707
     144       0      -1       1       0                               0D    708
     128    1672       0       0       0                        01010000D    709
     128       0       0       4       0                               0D    710
     126    1676       0       0       0                        01010500D    711
     126       0       0       2       0                               0D    712
     110    1678       0       0       0                        01010000D    713
     110       0       0       2       0                               0D    714
     126    1680       0       0       0                        01010500D    715
     126       0       0       2       0                               0D    716
     110    1682       0       0       0                        01010000D    717
     110       0       0       2       0                               0D    718
     126    1684       0       0       0                        01010500D    719
     126       0       0       2       0                               0D    720
     110    1686       0       0       0                        01010000D    721
     110       0       0       2       0                               0D    722
     126    1688       0       0       0                        01010500D    723
     126       0       0       2       0                               0D    724
     110    1690       0       0       0                        01010000D    725
     110       0       0       2       0                               0D    726
     102    1692       0       0       0                        01010500D    727
     102       0       0       1       0                               0D    728
     102    1693       0       0       0                        01010000D    729
     102       0       0       1       0                               0D    730
     142    1694       0       0       0                        00010500D    731
     142       0       0       1       0                               0D    732
     144    1695       0       0       2                        00010000D    733
     144       0      -1       1       0                               0D    734
     128    1696       0       0       0                        01010000D    735
     128       0       0       4       0                               0D    736
     126    1700       0       0       0                        01010500D    737
     126       0       0       2       0                               0D    738
     110    1702       0       0       0                        01010000D    739
     110       0       0       2       0                               0D    740
     126    1704       0       0       0                        01010500D    741
     126       0       0       2       0                               0D    742
     110    1706       0       0       0                        01010000D    743
     110       0       0       2       0                               0D    744
     126    1708       0       0       0                        01010500D    745
     126       0       0       2       0                               0D    746
     110    1710       0       0       0                        01010000D    747
     110       0       0       2       0                               0D    748
     126    1712       0       0       0                        01010500D    749
     126       0       0       2       0                               0D    750
     110    1714       0       0       0                        01010000D    751
     110       0       0       2       0                               0D    752
     102    1716       0       0       0                        01010500D    753
     102       0       0       1       0                               0D    754
     102    1717       0       0       0                        01010000D    755
     102       0       0       1       0                               0D    756
     142    1718       0       0       0                        00010500D    757
     142       0       0       1       0                               0D    758
     144    1719       0       0       2                        00010000D    759
     144       0      -1       1       0                               0D    760
     110    1720       0       0       0                        01010000D    761
     110       0       0       2       0                               0D    762
     110    1722       0       0       0                        01010000D    763
     110       0       0       2       0                               0D    764
     120    1724       0       0       0                        01010000D    765
     120       0       0       1       0                               0D    766
     126    1725       0       0       0                        01010500D    767
     126       0       0       2       0                               0D    768
     124    1727       0       0       0                        00000000D    769
     124       0       0       4       0                               0D    770
     100    1731       0       0       0             769        01010000D    771
     100       0       0       2       0                               0D    772
     126    1733       0       0       0                        01010500D    773
     126       0       0       2       0                               0D    774
     110    1735       0       0       0                        01010000D    775
     110       0       0       2       0                               0D    776
     126    1737       0       0       0                        01010500D    777
     126       0       0       2       0                               0D    778
     124    1739       0       0       0                        00000000D    779
     124       0       0       4       0                               0D    780
     100    1743       0       0       0             779        01010000D    781
     100       0       0       2       0                               0D    782
     126    1745       0       0       0                        01010500D    783
     126       0       0       2       0                               0D    784
     110    1747       0       0       0                        01010000D    785
     110       0       0       2       0                               0D    786
     102    1749       0       0       0                        01010500D    787
     102       0       0       1       0                               0D    788
     102    1750       0       0       0                        01010000D    789
     102       0       0       1       0                               0D    790
     142    1751       0       0       0                        00010500D    791
     142       0       0       1       0                               0D    792
     144    1752       0       0       2                        00010000D    793
     144       0      -1       1       0                               0D    794
     110    1753       0       0       0                        01010000D    795
     110       0       0       2       0                               0D    796
     110    1755       0       0       0                        01010000D    797
     110       0       0       1       0                               0D    798
     120    1756       0       0       0                        01010000D    799
     120       0       0       1       0                               0D    800
     126    1757       0       0       0                        01010500D    801
     126       0       0       2       0                               0D    802
     124    1759       0       0       0                        00000000D    803
     124       0       0       4       0                               0D    804
     100    1763       0       0       0             803        01010000D    805
     100       0       0       2       0                               0D    806
     126    1765       0       0       0                        01010500D    807
     126       0       0       2       0                               0D    808
     110    1767       0       0       0                        01010000D    809
     110       0       0       2       0                               0D    810
     126    1769       0       0       0                        01010500D    811
     126       0       0       2       0                               0D    812
     124    1771       0       0       0                        00000000D    813
     124       0       0       4       0                               0D    814
     100    1775       0       0       0             813        01010000D    815
     100       0       0       2       0                               0D    816
     126    1777       0       0       0                        01010500D    817
     126       0       0       2       0                               0D    818
     110    1779       0       0       0                        01010000D    819
     110       0       0       2       0                               0D    820
     102    1781       0       0       0                        01010500D    821
     102       0       0       1       0                               0D    822
     102    1782       0       0       0                        01010000D    823
     102       0       0       1       0                               0D    824
     142    1783       0       0       0                        00010500D    825
     142       0       0       1       0                               0D    826
     144    1784       0       0       2                        00010000D    827
     144       0      -1       1       0                               0D    828
     308    1785       0       0       1                        00010201D    829
     308       0       0       2       0                               0D    830
     124    1787       0       0       0                        00000000D    831
     124       0       0       2       0                               0D    832
     408    1789       0       0       3             831        00000001D    833
     408       0       0       1       0                               0D    834
     110    1790       0       0       0                        01010000D    835
     110       0       0       1       0                               0D    836
     110    1791       0       0       0                        01010000D    837
     110       0       0       1       0                               0D    838
     120    1792       0       0       0                        01010000D    839
     120       0       0       1       0                               0D    840
     126    1793       0       0       0                        01010500D    841
     126       0       0       2       0                               0D    842
     110    1795       0       0       0                        01010000D    843
     110       0       0       1       0                               0D    844
     126    1796       0       0       0                        01010500D    845
     126       0       0       2       0                               0D    846
     124    1798       0       0       0                        00000000D    847
     124       0       0       3       0                               0D    848
     100    1801       0       0       0             847        01010000D    849
     100       0       0       1       0                               0D    850
     126    1802       0       0       0                        01010500D    851
     126       0       0       2       0                               0D    852
     110    1804       0       0       0                        01010000D    853
     110       0       0       1       0                               0D    854
     126    1805       0       0       0                        01010500D    855
     126       0       0      42       0                               0D    856
     126    1847       0       0       0                        01010000D    857
     126       0       0       4       0                               0D    858
     102    1851       0       0       0                        01010500D    859
     102       0       0       1       0                               0D    860
     102    1852       0       0       0                        01010000D    861
     102       0       0       1       0                               0D    862
     142    1853       0       0       0                        00010500D    863
     142       0       0       1       0                               0D    864
     144    1854       0       0       4                        00010000D    865
     144       0      -1       1       0                               0D    866
     110    1855       0       0       0                        01010000D    867
     110       0       0       1       0                               0D    868
     110    1856       0       0       0                        01010000D    869
     110       0       0       1       0                               0D    870
     120    1857       0       0       0                        01010000D    871
     120       0       0       1       0                               0D    872
     126    1858       0       0       0                        01010500D    873
     126       0       0      42       0                               0D    874
     126    1900       0       0       0                        01010000D    875
     126       0       0       4       0                               0D    876
     126    1904       0       0       0                        01010500D    877
     126       0       0       2       0                               0D    878
     110    1906       0       0       0                        01010000D    879
     110       0       0       1       0                               0D    880
     126    1907       0       0       0                        01010500D    881
     126       0       0       2       0                               0D    882
     124    1909       0       0       0                        00000000D    883
     124       0       0       3       0                               0D    884
     100    1912       0       0       0             883        01010000D    885
     100       0       0       1       0                               0D    886
     126    1913       0       0       0                        01010500D    887
     126       0       0       2       0                               0D    888
     110    1915       0       0       0                        01010000D    889
     110       0       0       1       0                               0D    890
     102    1916       0       0       0                        01010500D    891
     102       0       0       1       0                               0D    892
     102    1917       0       0       0                        01010000D    893
     102       0       0       1       0                               0D    894
     142    1918       0       0       0                        00010500D    895
     142       0       0       1       0                               0D    896
     144    1919       0       0       4                        00010000D    897
     144       0      -1       1       0                               0D    898
     110    1920       0       0       0                        01010000D    899
     110       0       0       1       0                               0D    900
     110    1921       0       0       0                        01010000D    901
     110       0       0       1       0                               0D    902
     120    1922       0       0       0                        01010000D    903
     120       0       0       1       0                               0D    904
     126    1923       0       0       0                        01010500D    905
     126       0       0       2       0                               0D    906
     110    1925       0       0       0                        01010000D    907
     110       0       0       1       0                               0D    908
     126    1926       0       0       0                        01010500D    909
     126       0       0      42       0                               0D    910
     126    1968       0       0       0                        01010000D    911
     126       0       0       4       0                               0D    912
     126    1972       0       0       0                        01010500D    913
     126       0       0       2       0                               0D    914
     110    1974       0       0       0                        01010000D    915
     110       0       0       1       0                               0D    916
     126    1975       0       0       0                        01010500D    917
     126       0       0       2       0                               0D    918
     124    1977       0       0       0                        00000000D    919
     124       0       0       3       0                               0D    920
     100    1980       0       0       0             919        01010000D    921
     100       0       0       1       0                               0D    922
     102    1981       0       0       0                        01010500D    923
     102       0       0       1       0                               0D    924
     102    1982       0       0       0                        01010000D    925
     102       0       0       1       0                               0D    926
     142    1983       0       0       0                        00010500D    927
     142       0       0       1       0                               0D    928
     144    1984       0       0       4                        00010000D    929
     144       0      -1       1       0                               0D    930
     128    1985       0       0       0                        01010000D    931
     128       0       0       3       0                               0D    932
     126    1988       0       0       0                        01010500D    933
     126       0       0      44       0                               0D    934
     124    2032       0       0       0                        00000000D    935
     124       0       0       3       0                               0D    936
     100    2035       0       0       0             935        01010000D    937
     100       0       0       1       0                               0D    938
     126    2036       0       0       0                        01010500D    939
     126       0       0      44       0                               0D    940
     124    2080       0       0       0                        00000000D    941
     124       0       0       3       0                               0D    942
     100    2083       0       0       0             941        01010000D    943
     100       0       0       1       0                               0D    944
     102    2084       0       0       0                        01010500D    945
     102       0       0       1       0                               0D    946
     102    2085       0       0       0                        01010000D    947
     102       0       0       1       0                               0D    948
     142    2086       0       0       0                        00010500D    949
     142       0       0       1       0                               0D    950
     144    2087       0       0       4                        00010000D    951
     144       0      -1       1       0                               0D    952
     128    2088       0       0       0                        01010000D    953
     128       0       0       3       0                               0D    954
     126    2091       0       0       0                        01010500D    955
     126       0       0      44       0                               0D    956
     126    2135       0       0       0                        01010000D    957
     126       0       0       4       0                               0D    958
     126    2139       0       0       0                        01010500D    959
     126       0       0      44       0                               0D    960
     126    2183       0       0       0                        01010000D    961
     126       0       0       4       0                               0D    962
     102    2187       0       0       0                        01010500D    963
     102       0       0       1       0                               0D    964
     102    2188       0       0       0                        01010000D    965
     102       0       0       1       0                               0D    966
     142    2189       0       0       0                        00010500D    967
     142       0       0       1       0                               0D    968
     126    2190       0       0       0                        01010500D    969
     126       0       0      44       0                               0D    970
     126    2234       0       0       0                        01010000D    971
     126       0       0       4       0                               0D    972
     126    2238       0       0       0                        01010500D    973
     126       0       0      44       0                               0D    974
     126    2282       0       0       0                        01010000D    975
     126       0       0       4       0                               0D    976
     102    2286       0       0       0                        01010500D    977
     102       0       0       1       0                               0D    978
     102    2287       0       0       0                        01010000D    979
     102       0       0       1       0                               0D    980
     142    2288       0       0       0                        00010500D    981
     142       0       0       1       0                               0D    982
     144    2289       0       0       4                        00010000D    983
     144       0      -1       1       0                               0D    984
     128    2290       0       0       0                        01010000D    985
     128       0       0       3       0                               0D    986
     126    2293       0       0       0                        01010500D    987
     126       0       0      44       0                               0D    988
     124    2337       0       0       0                        00000000D    989
     124       0       0       3       0                               0D    990
     100    2340       0       0       0             989        01010000D    991
     100       0       0       1       0                               0D    992
     126    2341       0       0       0                        01010500D    993
     126       0       0      44       0                               0D    994
     124    2385       0       0       0                        00000000D    995
     124       0       0       3       0                               0D    996
     100    2388       0       0       0             995        01010000D    997
     100       0       0       1       0                               0D    998
     102    2389       0       0       0                        01010500D    999
     102       0       0       1       0                               0D   1000
     102    2390       0       0       0                        01010000D   1001
     102       0       0       1       0                               0D   1002
     142    2391       0       0       0                        00010500D   1003
     142       0       0       1       0                               0D   1004
     144    2392       0       0       4                        00010000D   1005
     144       0      -1       1       0                               0D   1006
     110    2393       0       0       0                        01010000D   1007
     110       0       0       1       0                               0D   1008
     110    2394       0       0       0                        01010000D   1009
     110       0       0       1       0                               0D   1010
     120    2395       0       0       0                        01010000D   1011
     120       0       0       1       0                               0D   1012
     126    2396       0       0       0                        01010500D   1013
     126       0       0       2       0                               0D   1014
     124    2398       0       0       0                        00000000D   1015
     124       0       0       3       0                               0D   1016
     100    2401       0       0       0            1015        01010000D   1017
     100       0       0       1       0                               0D   1018
     126    2402       0       0       0                        01010500D   1019
     126       0       0       2       0                               0D   1020
     110    2404       0       0       0                        01010000D   1021
     110       0       0       1       0                               0D   1022
     126    2405       0       0       0                        01010500D   1023
     126       0       0      42       0                               0D   1024
     126    2447       0       0       0                        01010000D   1025
     126       0       0       4       0                               0D   1026
     126    2451       0       0       0                        01010500D   1027
     126       0       0       2       0                               0D   1028
     110    2453       0       0       0                        01010000D   1029
     110       0       0       1       0                               0D   1030
     102    2454       0       0       0                        01010500D   1031
     102       0       0       1       0                               0D   1032
     102    2455       0       0       0                        01010000D   1033
     102       0       0       1       0                               0D   1034
     142    2456       0       0       0                        00010500D   1035
     142       0       0       1       0                               0D   1036
     144    2457       0       0       4                        00010000D   1037
     144       0      -1       1       0                               0D   1038
     110    2458       0       0       0                        01010000D   1039
     110       0       0       1       0                               0D   1040
     110    2459       0       0       0                        01010000D   1041
     110       0       0       1       0                               0D   1042
     120    2460       0       0       0                        01010000D   1043
     120       0       0       1       0                               0D   1044
     126    2461       0       0       0                        01010500D   1045
     126       0       0       2       0                               0D   1046
     110    2463       0       0       0                        01010000D   1047
     110       0       0       1       0                               0D   1048
     126    2464       0       0       0                        01010500D   1049
     126       0       0       2       0                               0D   1050
     124    2466       0       0       0                        00000000D   1051
     124       0       0       3       0                               0D   1052
     100    2469       0       0       0            1051        01010000D   1053
     100       0       0       1       0                               0D   1054
     126    2470       0       0       0                        01010500D   1055
     126       0       0       2       0                               0D   1056
     110    2472       0       0       0                        01010000D   1057
     110       0       0       1       0                               0D   1058
     126    2473       0       0       0                        01010500D   1059
     126       0       0       2       0                               0D   1060
     124    2475       0       0       0                        00000000D   1061
     124       0       0       3       0                               0D   1062
     100    2478       0       0       0            1061        01010000D   1063
     100       0       0       1       0                               0D   1064
     102    2479       0       0       0                        01010500D   1065
     102       0       0       1       0                               0D   1066
     102    2480       0       0       0                        01010000D   1067
     102       0       0       1       0                               0D   1068
     142    2481       0       0       0                        00010500D   1069
     142       0       0       1       0                               0D   1070
     144    2482       0       0       5                        00010000D   1071
     144       0      -1       1       0                               0D   1072
     110    2483       0       0       0                        01010000D   1073
     110       0       0       1       0                               0D   1074
     110    2484       0       0       0                        01010000D   1075
     110       0       0       1       0                               0D   1076
     120    2485       0       0       0                        01010000D   1077
     120       0       0       1       0                               0D   1078
     126    2486       0       0       0                        01010500D   1079
     126       0       0       2       0                               0D   1080
     124    2488       0       0       0                        00000000D   1081
     124       0       0       3       0                               0D   1082
     100    2491       0       0       0            1081        01010000D   1083
     100       0       0       1       0                               0D   1084
     126    2492       0       0       0                        01010500D   1085
     126       0       0       2       0                               0D   1086
     110    2494       0       0       0                        01010000D   1087
     110       0       0       1       0                               0D   1088
     126    2495       0       0       0                        01010500D   1089
     126       0       0       2       0                               0D   1090
     124    2497       0       0       0                        00000000D   1091
     124       0       0       3       0                               0D   1092
     100    2500       0       0       0            1091        01010000D   1093
     100       0       0       1       0                               0D   1094
     126    2501       0       0       0                        01010500D   1095
     126       0       0       2       0                               0D   1096
     110    2503       0       0       0                        01010000D   1097
     110       0       0       1       0                               0D   1098
     102    2504       0       0       0                        01010500D   1099
     102       0       0       1       0                               0D   1100
     102    2505       0       0       0                        01010000D   1101
     102       0       0       1       0                               0D   1102
     142    2506       0       0       0                        00010500D   1103
     142       0       0       1       0                               0D   1104
     144    2507       0       0       5                        00010000D   1105
     144       0      -1       1       0                               0D   1106
     128    2508       0       0       0                        01010000D   1107
     128       0       0       3       0                               0D   1108
     126    2511       0       0       0                        01010500D   1109
     126       0       0      44       0                               0D   1110
     124    2555       0       0       0                        00000000D   1111
     124       0       0       3       0                               0D   1112
     100    2558       0       0       0            1111        01010000D   1113
     100       0       0       1       0                               0D   1114
     126    2559       0       0       0                        01010500D   1115
     126       0       0      44       0                               0D   1116
     124    2603       0       0       0                        00000000D   1117
     124       0       0       3       0                               0D   1118
     100    2606       0       0       0            1117        01010000D   1119
     100       0       0       1       0                               0D   1120
     102    2607       0       0       0                        01010500D   1121
     102       0       0       1       0                               0D   1122
     102    2608       0       0       0                        01010000D   1123
     102       0       0       1       0                               0D   1124
     142    2609       0       0       0                        00010500D   1125
     142       0       0       1       0                               0D   1126
     126    2610       0       0       0                        01010500D   1127
     126       0       0      43       0                               0D   1128
     124    2653       0       0       0                        00000000D   1129
     124       0       0       3       0                               0D   1130
     100    2656       0       0       0            1129        01010000D   1131
     100       0       0       1       0                               0D   1132
     126    2657       0       0       0                        01010500D   1133
     126       0       0      43       0                               0D   1134
     124    2700       0       0       0                        00000000D   1135
     124       0       0       3       0                               0D   1136
     100    2703       0       0       0            1135        01010000D   1137
     100       0       0       1       0                               0D   1138
     102    2704       0       0       0                        01010500D   1139
     102       0       0       1       0                               0D   1140
     102    2705       0       0       0                        01010000D   1141
     102       0       0       1       0                               0D   1142
     142    2706       0       0       0                        00010500D   1143
     142       0       0       1       0                               0D   1144
     144    2707       0       0       5                        00010000D   1145
     144       0      -1       1       0                               0D   1146
     128    2708       0       0       0                        01010000D   1147
     128       0       0       3       0                               0D   1148
     126    2711       0       0       0                        01010500D   1149
     126       0       0      44       0                               0D   1150
     124    2755       0       0       0                        00000000D   1151
     124       0       0       3       0                               0D   1152
     100    2758       0       0       0            1151        01010000D   1153
     100       0       0       1       0                               0D   1154
     126    2759       0       0       0                        01010500D   1155
     126       0       0      44       0                               0D   1156
     124    2803       0       0       0                        00000000D   1157
     124       0       0       3       0                               0D   1158
     100    2806       0       0       0            1157        01010000D   1159
     100       0       0       1       0                               0D   1160
     102    2807       0       0       0                        01010500D   1161
     102       0       0       1       0                               0D   1162
     102    2808       0       0       0                        01010000D   1163
     102       0       0       1       0                               0D   1164
     142    2809       0       0       0                        00010500D   1165
     142       0       0       1       0                               0D   1166
     126    2810       0       0       0                        01010500D   1167
     126       0       0      43       0                               0D   1168
     124    2853       0       0       0                        00000000D   1169
     124       0       0       3       0                               0D   1170
     100    2856       0       0       0            1169        01010000D   1171
     100       0       0       1       0                               0D   1172
     126    2857       0       0       0                        01010500D   1173
     126       0       0      43       0                               0D   1174
     124    2900       0       0       0                        00000000D   1175
     124       0       0       3       0                               0D   1176
     100    2903       0       0       0            1175        01010000D   1177
     100       0       0       1       0                               0D   1178
     102    2904       0       0       0                        01010500D   1179
     102       0       0       1       0                               0D   1180
     102    2905       0       0       0                        01010000D   1181
     102       0       0       1       0                               0D   1182
     142    2906       0       0       0                        00010500D   1183
     142       0       0       1       0                               0D   1184
     144    2907       0       0       5                        00010000D   1185
     144       0      -1       1       0                               0D   1186
     110    2908       0       0       0                        01010000D   1187
     110       0       0       1       0                               0D   1188
     110    2909       0       0       0                        01010000D   1189
     110       0       0       1       0                               0D   1190
     120    2910       0       0       0                        01010000D   1191
     120       0       0       1       0                               0D   1192
     126    2911       0       0       0                        01010500D   1193
     126       0       0       2       0                               0D   1194
     110    2913       0       0       0                        01010000D   1195
     110       0       0       1       0                               0D   1196
     126    2914       0       0       0                        01010500D   1197
     126       0       0       2       0                               0D   1198
     124    2916       0       0       0                        00000000D   1199
     124       0       0       3       0                               0D   1200
     100    2919       0       0       0            1199        01010000D   1201
     100       0       0       1       0                               0D   1202
     126    2920       0       0       0                        01010500D   1203
     126       0       0       2       0                               0D   1204
     110    2922       0       0       0                        01010000D   1205
     110       0       0       1       0                               0D   1206
     126    2923       0       0       0                        01010500D   1207
     126       0       0       2       0                               0D   1208
     124    2925       0       0       0                        00000000D   1209
     124       0       0       3       0                               0D   1210
     100    2928       0       0       0            1209        01010000D   1211
     100       0       0       1       0                               0D   1212
     102    2929       0       0       0                        01010500D   1213
     102       0       0       1       0                               0D   1214
     102    2930       0       0       0                        01010000D   1215
     102       0       0       1       0                               0D   1216
     142    2931       0       0       0                        00010500D   1217
     142       0       0       1       0                               0D   1218
     144    2932       0       0       5                        00010000D   1219
     144       0      -1       1       0                               0D   1220
     110    2933       0       0       0                        01010000D   1221
     110       0       0       1       0                               0D   1222
     110    2934       0       0       0                        01010000D   1223
     110       0       0       1       0                               0D   1224
     120    2935       0       0       0                        01010000D   1225
     120       0       0       1       0                               0D   1226
     126    2936       0       0       0                        01010500D   1227
     126       0       0       2       0                               0D   1228
     124    2938       0       0       0                        00000000D   1229
     124       0       0       3       0                               0D   1230
     100    2941       0       0       0            1229        01010000D   1231
     100       0       0       1       0                               0D   1232
     126    2942       0       0       0                        01010500D   1233
     126       0       0       2       0                               0D   1234
     110    2944       0       0       0                        01010000D   1235
     110       0       0       1       0                               0D   1236
     126    2945       0       0       0                        01010500D   1237
     126       0       0       2       0                               0D   1238
     124    2947       0       0       0                        00000000D   1239
     124       0       0       3       0                               0D   1240
     100    2950       0       0       0            1239        01010000D   1241
     100       0       0       1       0                               0D   1242
     126    2951       0       0       0                        01010500D   1243
     126       0       0       2       0                               0D   1244
     110    2953       0       0       0                        01010000D   1245
     110       0       0       1       0                               0D   1246
     102    2954       0       0       0                        01010500D   1247
     102       0       0       1       0                               0D   1248
     102    2955       0       0       0                        01010000D   1249
     102       0       0       1       0                               0D   1250
     142    2956       0       0       0                        00010500D   1251
     142       0       0       1       0                               0D   1252
     144    2957       0       0       5                        00010000D   1253
     144       0      -1       1       0                               0D   1254
     110    2958       0       0       0                        01010000D   1255
     110       0       0       1       0                               0D   1256
     110    2959       0       0       0                        01010000D   1257
     110       0       0       1       0                               0D   1258
     120    2960       0       0       0                        01010000D   1259
     120       0       0       1       0                               0D   1260
     126    2961       0       0       0                        01010500D   1261
     126       0       0       2       0                               0D   1262
     110    2963       0       0       0                        01010000D   1263
     110       0       0       1       0                               0D   1264
     126    2964       0       0       0                        01010500D   1265
     126       0       0       2       0                               0D   1266
     124    2966       0       0       0                        00000000D   1267
     124       0       0       3       0                               0D   1268
     100    2969       0       0       0            1267        01010000D   1269
     100       0       0       1       0                               0D   1270
     126    2970       0       0       0                        01010500D   1271
     126       0       0       2       0                               0D   1272
     110    2972       0       0       0                        01010000D   1273
     110       0       0       1       0                               0D   1274
     126    2973       0       0       0                        01010500D   1275
     126       0       0       2       0                               0D   1276
     124    2975       0       0       0                        00000000D   1277
     124       0       0       3       0                               0D   1278
     100    2978       0       0       0            1277        01010000D   1279
     100       0       0       1       0                               0D   1280
     102    2979       0       0       0                        01010500D   1281
     102       0       0       1       0                               0D   1282
     102    2980       0       0       0                        01010000D   1283
     102       0       0       1       0                               0D   1284
     142    2981       0       0       0                        00010500D   1285
     142       0       0       1       0                               0D   1286
     144    2982       0       0       6                        00010000D   1287
     144       0      -1       1       0                               0D   1288
     110    2983       0       0       0                        01010000D   1289
     110       0       0       1       0                               0D   1290
     110    2984       0       0       0                        01010000D   1291
     110       0       0       1       0                               0D   1292
     120    2985       0       0       0                        01010000D   1293
     120       0       0       1       0                               0D   1294
     126    2986       0       0       0                        01010500D   1295
     126       0       0       2       0                               0D   1296
     124    2988       0       0       0                        00000000D   1297
     124       0       0       3       0                               0D   1298
     100    2991       0       0       0            1297        01010000D   1299
     100       0       0       1       0                               0D   1300
     126    2992       0       0       0                        01010500D   1301
     126       0       0       2       0                               0D   1302
     110    2994       0       0       0                        01010000D   1303
     110       0       0       1       0                               0D   1304
     126    2995       0       0       0                        01010500D   1305
     126       0       0       2       0                               0D   1306
     124    2997       0       0       0                        00000000D   1307
     124       0       0       3       0                               0D   1308
     100    3000       0       0       0            1307        01010000D   1309
     100       0       0       1       0                               0D   1310
     126    3001       0       0       0                        01010500D   1311
     126       0       0       2       0                               0D   1312
     110    3003       0       0       0                        01010000D   1313
     110       0       0       1       0                               0D   1314
     102    3004       0       0       0                        01010500D   1315
     102       0       0       1       0                               0D   1316
     102    3005       0       0       0                        01010000D   1317
     102       0       0       1       0                               0D   1318
     142    3006       0       0       0                        00010500D   1319
     142       0       0       1       0                               0D   1320
     144    3007       0       0       6                        00010000D   1321
     144       0      -1       1       0                               0D   1322
     110    3008       0       0       0                        01010000D   1323
     110       0       0       1       0                               0D   1324
     110    3009       0       0       0                        01010000D   1325
     110       0       0       1       0                               0D   1326
     120    3010       0       0       0                        01010000D   1327
     120       0       0       1       0                               0D   1328
     126    3011       0       0       0                        01010500D   1329
     126       0       0       2       0                               0D   1330
     110    3013       0       0       0                        01010000D   1331
     110       0       0       1       0                               0D   1332
     126    3014       0       0       0                        01010500D   1333
     126       0       0       2       0                               0D   1334
     124    3016       0       0       0                        00000000D   1335
     124       0       0       3       0                               0D   1336
     100    3019       0       0       0            1335        01010000D   1337
     100       0       0       1       0                               0D   1338
     126    3020       0       0       0                        01010500D   1339
     126       0       0       2       0                               0D   1340
     110    3022       0       0       0                        01010000D   1341
     110       0       0       1       0                               0D   1342
     126    3023       0       0       0                        01010500D   1343
     126       0       0       2       0                               0D   1344
     124    3025       0       0       0                        00000000D   1345
     124       0       0       3       0                               0D   1346
     100    3028       0       0       0            1345        01010000D   1347
     100       0       0       1       0                               0D   1348
     102    3029       0       0       0                        01010500D   1349
     102       0       0       1       0                               0D   1350
     102    3030       0       0       0                        01010000D   1351
     102       0       0       1       0                               0D   1352
     142    3031       0       0       0                        00010500D   1353
     142       0       0       1       0                               0D   1354
     144    3032       0       0       6                        00010000D   1355
     144       0      -1       1       0                               0D   1356
     128    3033       0       0       0                        01010000D   1357
     128       0       0       3       0                               0D   1358
     126    3036       0       0       0                        01010500D   1359
     126       0       0      44       0                               0D   1360
     124    3080       0       0       0                        00000000D   1361
     124       0       0       3       0                               0D   1362
     100    3083       0       0       0            1361        01010000D   1363
     100       0       0       1       0                               0D   1364
     126    3084       0       0       0                        01010500D   1365
     126       0       0      44       0                               0D   1366
     124    3128       0       0       0                        00000000D   1367
     124       0       0       3       0                               0D   1368
     100    3131       0       0       0            1367        01010000D   1369
     100       0       0       1       0                               0D   1370
     102    3132       0       0       0                        01010500D   1371
     102       0       0       1       0                               0D   1372
     102    3133       0       0       0                        01010000D   1373
     102       0       0       1       0                               0D   1374
     142    3134       0       0       0                        00010500D   1375
     142       0       0       1       0                               0D   1376
     126    3135       0       0       0                        01010500D   1377
     126       0       0      22       0                               0D   1378
     124    3157       0       0       0                        00000000D   1379
     124       0       0       3       0                               0D   1380
     100    3160       0       0       0            1379        01010000D   1381
     100       0       0       1       0                               0D   1382
     126    3161       0       0       0                        01010500D   1383
     126       0       0      22       0                               0D   1384
     124    3183       0       0       0                        00000000D   1385
     124       0       0       3       0                               0D   1386
     100    3186       0       0       0            1385        01010000D   1387
     100       0       0       1       0                               0D   1388
     102    3187       0       0       0                        01010500D   1389
     102       0       0       1       0                               0D   1390
     102    3188       0       0       0                        01010000D   1391
     102       0       0       1       0                               0D   1392
     142    3189       0       0       0                        00010500D   1393
     142       0       0       1       0                               0D   1394
     144    3190       0       0       6                        00010000D   1395
     144       0      -1       1       0                               0D   1396
     128    3191       0       0       0                        01010000D   1397
     128       0       0       3       0                               0D   1398
     126    3194       0       0       0                        01010500D   1399
     126       0       0      44       0                               0D   1400
     124    3238       0       0       0                        00000000D   1401
     124       0       0       3       0                               0D   1402
     100    3241       0       0       0            1401        01010000D   1403
     100       0       0       1       0                               0D   1404
     126    3242       0       0       0                        01010500D   1405
     126       0       0      44       0                               0D   1406
     124    3286       0       0       0                        00000000D   1407
     124       0       0       3       0                               0D   1408
     100    3289       0       0       0            1407        01010000D   1409
     100       0       0       1       0                               0D   1410
     102    3290       0       0       0                        01010500D   1411
     102       0       0       1       0                               0D   1412
     102    3291       0       0       0                        01010000D   1413
     102       0       0       1       0                               0D   1414
     142    3292       0       0       0                        00010500D   1415
     142       0       0       1       0                               0D   1416
     126    3293       0       0       0                        01010500D   1417
     126       0       0      22       0                               0D   1418
     124    3315       0       0       0                        00000000D   1419
     124       0       0       3       0                               0D   1420
     100    3318       0       0       0            1419        01010000D   1421
     100       0       0       1       0                               0D   1422
     126    3319       0       0       0                        01010500D   1423
     126       0       0      22       0                               0D   1424
     124    3341       0       0       0                        00000000D   1425
     124       0       0       3       0                               0D   1426
     100    3344       0       0       0            1425        01010000D   1427
     100       0       0       1       0                               0D   1428
     102    3345       0       0       0                        01010500D   1429
     102       0       0       1       0                               0D   1430
     102    3346       0       0       0                        01010000D   1431
     102       0       0       1       0                               0D   1432
     142    3347       0       0       0                        00010500D   1433
     142       0       0       1       0                               0D   1434
     144    3348       0       0       6                        00010000D   1435
     144       0      -1       1       0                               0D   1436
     110    3349       0       0       0                        01010000D   1437
     110       0       0       1       0                               0D   1438
     110    3350       0       0       0                        01010000D   1439
     110       0       0       1       0                               0D   1440
     120    3351       0       0       0                        01010000D   1441
     120       0       0       1       0                               0D   1442
     126    3352       0       0       0                        01010500D   1443
     126       0       0       2       0                               0D   1444
     124    3354       0       0       0                        00000000D   1445
     124       0       0       3       0                               0D   1446
     100    3357       0       0       0            1445        01010000D   1447
     100       0       0       1       0                               0D   1448
     126    3358       0       0       0                        01010500D   1449
     126       0       0       2       0                               0D   1450
     110    3360       0       0       0                        01010000D   1451
     110       0       0       1       0                               0D   1452
     126    3361       0       0       0                        01010500D   1453
     126       0       0       2       0                               0D   1454
     124    3363       0       0       0                        00000000D   1455
     124       0       0       3       0                               0D   1456
     100    3366       0       0       0            1455        01010000D   1457
     100       0       0       1       0                               0D   1458
     126    3367       0       0       0                        01010500D   1459
     126       0       0       2       0                               0D   1460
     110    3369       0       0       0                        01010000D   1461
     110       0       0       1       0                               0D   1462
     102    3370       0       0       0                        01010500D   1463
     102       0       0       1       0                               0D   1464
     102    3371       0       0       0                        01010000D   1465
     102       0       0       1       0                               0D   1466
     142    3372       0       0       0                        00010500D   1467
     142       0       0       1       0                               0D   1468
     144    3373       0       0       6                        00010000D   1469
     144       0      -1       1       0                               0D   1470
     128    3374       0       0       0                        01010000D   1471
     128       0       0      53       0                               0D   1472
     126    3427       0       0       0                        01010500D   1473
     126       0       0       2       0                               0D   1474
     124    3429       0       0       0                        00000000D   1475
     124       0       0       3       0                               0D   1476
     100    3432       0       0       0            1475        01010000D   1477
     100       0       0       1       0                               0D   1478
     126    3433       0       0       0                        01010500D   1479
     126       0       0       2       0                               0D   1480
     126    3435       0       0       0                        01010000D   1481
     126       0       0      13       0                               0D   1482
     126    3448       0       0       0                        01010500D   1483
     126       0       0       2       0                               0D   1484
     124    3450       0       0       0                        00000000D   1485
     124       0       0       4       0                               0D   1486
     100    3454       0       0       0            1485        01010000D   1487
     100       0       0       2       0                               0D   1488
     126    3456       0       0       0                        01010500D   1489
     126       0       0       2       0                               0D   1490
     126    3458       0       0       0                        01010000D   1491
     126       0       0      13       0                               0D   1492
     102    3471       0       0       0                        01010500D   1493
     102       0       0       1       0                               0D   1494
     102    3472       0       0       0                        01010000D   1495
     102       0       0       1       0                               0D   1496
     142    3473       0       0       0                        00010500D   1497
     142       0       0       1       0                               0D   1498
     144    3474       0       0       7                        00010000D   1499
     144       0      -1       1       0                               0D   1500
     128    3475       0       0       0                        01010000D   1501
     128       0       0       4       0                               0D   1502
     126    3479       0       0       0                        01010500D   1503
     126       0       0      22       0                               0D   1504
     124    3501       0       0       0                        00000000D   1505
     124       0       0       3       0                               0D   1506
     100    3504       0       0       0            1505        01010000D   1507
     100       0       0       1       0                               0D   1508
     126    3505       0       0       0                        01010500D   1509
     126       0       0      22       0                               0D   1510
     124    3527       0       0       0                        00000000D   1511
     124       0       0       3       0                               0D   1512
     100    3530       0       0       0            1511        01010000D   1513
     100       0       0       1       0                               0D   1514
     102    3531       0       0       0                        01010500D   1515
     102       0       0       1       0                               0D   1516
     102    3532       0       0       0                        01010000D   1517
     102       0       0       1       0                               0D   1518
     142    3533       0       0       0                        00010500D   1519
     142       0       0       1       0                               0D   1520
     144    3534       0       0       7                        00010000D   1521
     144       0      -1       1       0                               0D   1522
     128    3535       0       0       0                        01010000D   1523
     128       0       0       5       0                               0D   1524
     126    3540       0       0       0                        01010500D   1525
     126       0       0      22       0                               0D   1526
     124    3562       0       0       0                        00000000D   1527
     124       0       0       4       0                               0D   1528
     100    3566       0       0       0            1527        01010000D   1529
     100       0       0       2       0                               0D   1530
     126    3568       0       0       0                        01010500D   1531
     126       0       0      22       0                               0D   1532
     124    3590       0       0       0                        00000000D   1533
     124       0       0       4       0                               0D   1534
     100    3594       0       0       0            1533        01010000D   1535
     100       0       0       2       0                               0D   1536
     102    3596       0       0       0                        01010500D   1537
     102       0       0       1       0                               0D   1538
     102    3597       0       0       0                        01010000D   1539
     102       0       0       1       0                               0D   1540
     142    3598       0       0       0                        00010500D   1541
     142       0       0       1       0                               0D   1542
     144    3599       0       0       7                        00010000D   1543
     144       0      -1       1       0                               0D   1544
     128    3600       0       0       0                        01010000D   1545
     128       0       0      53       0                               0D   1546
     126    3653       0       0       0                        01010500D   1547
     126       0       0       2       0                               0D   1548
     126    3655       0       0       0                        01010000D   1549
     126       0       0      12       0                               0D   1550
     126    3667       0       0       0                        01010500D   1551
     126       0       0       2       0                               0D   1552
     124    3669       0       0       0                        00000000D   1553
     124       0       0       3       0                               0D   1554
     100    3672       0       0       0            1553        01010000D   1555
     100       0       0       1       0                               0D   1556
     126    3673       0       0       0                        01010500D   1557
     126       0       0       2       0                               0D   1558
     126    3675       0       0       0                        01010000D   1559
     126       0       0      13       0                               0D   1560
     126    3688       0       0       0                        01010500D   1561
     126       0       0       2       0                               0D   1562
     124    3690       0       0       0                        00000000D   1563
     124       0       0       4       0                               0D   1564
     100    3694       0       0       0            1563        01010000D   1565
     100       0       0       2       0                               0D   1566
     102    3696       0       0       0                        01010500D   1567
     102       0       0       1       0                               0D   1568
     102    3697       0       0       0                        01010000D   1569
     102       0       0       1       0                               0D   1570
     142    3698       0       0       0                        00010500D   1571
     142       0       0       1       0                               0D   1572
     144    3699       0       0       7                        00010000D   1573
     144       0      -1       1       0                               0D   1574
     308    3700       0       0       4                        00010201D   1575
     308       0       0       3       0                               0D   1576
     124    3703       0       0       0                        00000000D   1577
     124       0       0       4       0                               0D   1578
     408    3707       0       0       8            1577        00000001D   1579
     408       0       0       1       0                               0D   1580
     110    3708       0       0       0                        01010000D   1581
     110       0       0       1       0                               0D   1582
     100    3709       0       0       0                        01010000D   1583
     100       0       0       1       0                               0D   1584
     120    3710       0       0       0                        01010000D   1585
     120       0       0       1       0                               0D   1586
     126    3711       0       0       0                        01010500D   1587
     126       0       0       2       0                               0D   1588
     124    3713       0       0       0                        00000000D   1589
     124       0       0       3       0                               0D   1590
     100    3716       0       0       0            1589        01010000D   1591
     100       0       0       1       0                               0D   1592
     126    3717       0       0       0                        01010500D   1593
     126       0       0       2       0                               0D   1594
     124    3719       0       0       0                        00000000D   1595
     124       0       0       3       0                               0D   1596
     100    3722       0       0       0            1595        01010000D   1597
     100       0       0       1       0                               0D   1598
     126    3723       0       0       0                        01010500D   1599
     126       0       0       2       0                               0D   1600
     102    3725       0       0       0                        01010500D   1601
     102       0       0       1       0                               0D   1602
     102    3726       0       0       0                        01010000D   1603
     102       0       0       1       0                               0D   1604
     142    3727       0       0       0                        00010500D   1605
     142       0       0       1       0                               0D   1606
     144    3728       0       0       9                        00010000D   1607
     144       0      -1       1       0                               0D   1608
     110    3729       0       0       0                        01010000D   1609
     110       0       0       1       0                               0D   1610
     100    3730       0       0       0                        01010000D   1611
     100       0       0       1       0                               0D   1612
     120    3731       0       0       0                        01010000D   1613
     120       0       0       1       0                               0D   1614
     126    3732       0       0       0                        01010500D   1615
     126       0       0       2       0                               0D   1616
     100    3734       0       0       0                        01010000D   1617
     100       0       0       1       0                               0D   1618
     126    3735       0       0       0                        01010500D   1619
     126       0       0       2       0                               0D   1620
     126    3737       0       0       0                        01010500D   1621
     126       0       0       2       0                               0D   1622
     100    3739       0       0       0                        01010000D   1623
     100       0       0       1       0                               0D   1624
     102    3740       0       0       0                        01010500D   1625
     102       0       0       1       0                               0D   1626
     102    3741       0       0       0                        01010000D   1627
     102       0       0       1       0                               0D   1628
     142    3742       0       0       0                        00010500D   1629
     142       0       0       1       0                               0D   1630
     144    3743       0       0       9                        00010000D   1631
     144       0      -1       1       0                               0D   1632
     308    3744       0       0       9                        00010201D   1633
     308       0       0       1       0                               0D   1634
     124    3745       0       0       0                        00000000D   1635
     124       0       0       4       0                               0D   1636
     408    3749       0       0      10            1635        00000001D   1637
     408       0       0       1       0                               0D   1638
314,79.2156862745098,81.9607843137255,93.3333333333333,;               1P      1
110,0.,91.,0.,0.,-909.,0.;                                             3P      2
110,0.,86.486,-40.,0.,5.,-40.;                                         5P      3
120,3,5,0.,6.28318530717959;                                           7P      4
126,1,1,1,0,1,0,0.,0.,1.,1.,1.,1.,0.496846084,6.283185307,0.,          9P      5
1.,6.283185307,0.,0.,1.,0.,0.,1.;                                      9P      6
110,0.,46.,-40.,0.,5.,-40.;                                           11P      7
126,1,1,1,0,1,0,0.,0.,1.,1.,1.,1.,1.,6.283185307,0.,1.,               13P      8
3.141592654,0.,0.,1.,0.,0.,1.;                                        13P      9
124,6.12323399573677E-17,-1.,0.,5.,6.12323399573677E-17,              15P     10
3.74939945665464E-33,1.,5.,-1.,-6.12323399573677E-17,                 15P     11
6.12323399573677E-17,3.06161699786839E-16;                            15P     12
100,0.,0.,5.,40.,5.,-40.,5.;                                          17P     13
126,1,1,1,0,1,0,0.,0.,1.,1.,1.,1.,1.,3.141592654,0.,                  19P     14
0.496846084,3.141592654,0.,0.,1.,0.,0.,1.;                            19P     15
110,0.,5.,40.,0.,46.,40.;                                             21P     16
126,64,2,1,0,1,0,0.,0.,0.,0.015625,0.015625,0.03125,0.03125,          23P     17
0.0625,0.0625,0.09375,0.09375,0.125,0.125,0.15625,0.15625,            23P     18
0.1875,0.1875,0.21875,0.21875,0.25,0.25,0.28125,0.28125,0.3125,       23P     19
0.3125,0.34375,0.34375,0.375,0.375,0.40625,0.40625,0.4375,            23P     20
0.4375,0.5,0.5,0.5625,0.5625,0.59375,0.59375,0.625,0.625,             23P     21
0.65625,0.65625,0.6875,0.6875,0.71875,0.71875,0.75,0.75,              23P     22
0.78125,0.78125,0.8125,0.8125,0.84375,0.84375,0.875,0.875,            23P     23
0.90625,0.90625,0.9375,0.9375,0.96875,0.96875,0.984375,               23P     24
0.984375,1.,1.,1.,1.,1.,1.,1.,1.,1.,1.,1.,1.,1.,1.,1.,1.,1.,1.,       23P     25
1.,1.,1.,1.,1.,1.,1.,1.,1.,1.,1.,1.,1.,1.,1.,1.,1.,1.,1.,1.,1.,       23P     26
1.,1.,1.,1.,1.,1.,1.,1.,1.,1.,1.,1.,1.,1.,1.,1.,1.,1.,1.,1.,1.,       23P     27
1.,1.,1.,1.,1.,1.,1.,1.,0.496846084,3.141592654,0.,0.480782658,       23P     28
3.174316263,0.,0.472759652,3.190680039,0.,0.459391414,                23P     29
3.217945988,0.,0.448731247,3.239767424,0.,0.422105579,                23P     30
3.29427035,0.,0.401079782,3.337942194,0.,0.37590265,                  23P     31
3.390236611,0.,0.354350599,3.436116965,0.,0.330237425,                23P     32
3.487449478,0.,0.308993725,3.534291735,0.,0.285961539,                23P     33
3.585077597,0.,0.265445973,3.632466506,0.,0.24361488,                 23P     34
3.682894149,0.,0.224126729,3.730641276,0.,0.203649457,                23P     35
3.780811812,0.,0.185433923,3.828816047,0.,0.166471057,                23P     36
3.878789758,0.,0.149740185,3.926990817,0.,0.132448941,                23P     37
3.976806289,0.,0.117389268,4.025165587,0.,0.101917325,                23P     38
4.074848755,0.,0.088692726,4.123340358,0.,0.075174334,                23P     39
4.172909234,0.,0.063926925,4.221515128,0.,0.05248018,                 23P     40
4.270982455,0.,0.043330372,4.319689899,0.,0.034055196,                23P     41
4.369064716,0.,0.027101423,4.417864669,0.,0.020078019,                23P     42
4.467153275,0.,0.015396372,4.51603944,0.,0.005964215,                 23P     43
4.614530843,0.,0.005964215,4.71238898,0.,0.005964215,                 23P     44
4.810247118,0.,0.015396372,4.908738521,0.,0.020078019,                23P     45
4.957624685,0.,0.027101423,5.006913292,0.,0.034055196,                23P     46
5.055713245,0.,0.043330372,5.105088062,0.,0.05248018,                 23P     47
5.153795505,0.,0.063926925,5.203262833,0.,0.075174334,                23P     48
5.251868727,0.,0.088692726,5.301437603,0.,0.101917325,                23P     49
5.349929206,0.,0.117389268,5.399612373,0.,0.132448941,                23P     50
5.447971672,0.,0.149740185,5.497787144,0.,0.166471057,                23P     51
5.545988202,0.,0.185433923,5.595961914,0.,0.203649457,                23P     52
5.643966148,0.,0.224126729,5.694136685,0.,0.24361488,                 23P     53
5.741883812,0.,0.265445973,5.792311455,0.,0.285961539,                23P     54
5.839700364,0.,0.308993725,5.890486225,0.,0.330237425,                23P     55
5.937328483,0.,0.354350599,5.988660996,0.,0.37590265,                 23P     56
6.03454135,0.,0.401079782,6.086835766,0.,0.422105579,                 23P     57
6.130507611,0.,0.448731247,6.185010537,0.,0.459391414,                23P     58
6.206831973,0.,0.472759652,6.234097922,0.,0.480782658,                23P     59
6.250461698,0.,0.496846084,6.283185307,0.,0.,1.,0.,0.,-1.;            23P     60
126,3,3,1,0,0,0,0.,0.,0.,0.,1.,1.,1.,1.,1.,0.333333333333333,         25P     61
0.333333333333333,1.,0.,46.,40.,-80.,126.,40.,-80.,126.,-40.,         25P     62
0.,46.,-40.,0.,1.,0.707106781,0.707106781,0.;                         25P     63
102,4,9,13,19,23;                                                     27P     64
102,4,11,17,21,25;                                                    29P     65
142,1,7,27,29,1;                                                      31P     66
144,7,1,0,31;                                                         33P     67
110,0.,91.,0.,0.,-909.,0.;                                            35P     68
110,0.,91.546,-45.,0.,0.,-45.;                                        37P     69
120,35,37,0.,6.28318530717959;                                        39P     70
126,68,2,1,0,1,0,0.,0.,0.,0.015625,0.015625,0.03125,0.03125,          41P     71
0.0625,0.0625,0.09375,0.09375,0.125,0.125,0.15625,0.15625,            41P     72
0.1875,0.1875,0.21875,0.21875,0.25,0.25,0.28125,0.28125,0.3125,       41P     73
0.3125,0.34375,0.34375,0.375,0.375,0.40625,0.40625,0.4375,            41P     74
0.4375,0.46875,0.46875,0.5,0.5,0.53125,0.53125,0.5625,0.5625,         41P     75
0.59375,0.59375,0.625,0.625,0.65625,0.65625,0.6875,0.6875,            41P     76
0.71875,0.71875,0.75,0.75,0.78125,0.78125,0.8125,0.8125,              41P     77
0.84375,0.84375,0.875,0.875,0.90625,0.90625,0.9375,0.9375,            41P     78
0.96875,0.96875,0.984375,0.984375,1.,1.,1.,1.,1.,1.,1.,1.,1.,         41P     79
1.,1.,1.,1.,1.,1.,1.,1.,1.,1.,1.,1.,1.,1.,1.,1.,1.,1.,1.,1.,1.,       41P     80
1.,1.,1.,1.,1.,1.,1.,1.,1.,1.,1.,1.,1.,1.,1.,1.,1.,1.,1.,1.,1.,       41P     81
1.,1.,1.,1.,1.,1.,1.,1.,1.,1.,1.,1.,1.,1.,1.,1.,1.,1.,1.,1.,1.,       41P     82
0.497520372,0.,0.,0.481434881,0.032723609,0.,0.473400855,             41P     83
0.049087385,0.,0.460014254,0.076353334,0.,0.449339443,                41P     84
0.09817477,0.,0.422677202,0.152677696,0.,0.401622523,                 41P     85
0.196349541,0.,0.376410807,0.248643957,0.,0.354829152,                41P     86
0.294524311,0.,0.330682855,0.345856824,0.,0.309409975,                41P     87
0.392699082,0.,0.286346151,0.443484943,0.,0.265802404,                41P     88
0.490873852,0.,0.243941323,0.541301495,0.,0.224426403,                41P     89
0.589048623,0.,0.203921002,0.639219159,0.,0.185680447,                41P     90
0.687223393,0.,0.166691534,0.737197105,0.,0.14993768,                 41P     91
0.785398163,0.,0.132622684,0.835213635,0.,0.117542324,                41P     92
0.883572934,0.,0.102049129,0.933256101,0.,0.088806365,                41P     93
0.981747704,0.,0.075269403,1.031316581,0.,0.064006544,                41P     94
1.079922475,0.,0.052544076,1.129389802,0.,0.043381699,                41P     95
1.178097245,0.,0.034093783,1.227472063,0.,0.027130458,                41P     96
1.276272016,0.,0.020097406,1.325560622,0.,0.015409328,                41P     97
1.374446786,0.,0.010690526,1.423653332,0.,0.008331192,                41P     98
1.472621556,0.,0.005964215,1.521748406,0.,0.005964215,                41P     99
1.570796327,0.,0.005964215,1.619844247,0.,0.008331192,                41P    100
1.668971097,0.,0.010690526,1.717939321,0.,0.015409328,                41P    101
1.767145868,0.,0.020097406,1.816032032,0.,0.027130458,                41P    102
1.865320638,0.,0.034093783,1.914120591,0.,0.043381699,                41P    103
1.963495408,0.,0.052544076,2.012202852,0.,0.064006544,                41P    104
2.061670179,0.,0.075269403,2.110276073,0.,0.088806365,                41P    105
2.159844949,0.,0.102049129,2.208336552,0.,0.117542324,                41P    106
2.25801972,0.,0.132622684,2.306379019,0.,0.14993768,2.35619449,       41P    107
0.,0.166691534,2.404395549,0.,0.185680447,2.454369261,0.,             41P    108
0.203921002,2.502373495,0.,0.224426403,2.552544031,0.,                41P    109
0.243941323,2.600291159,0.,0.265802404,2.650718801,0.,                41P    110
0.286346151,2.69810771,0.,0.309409975,2.748893572,0.,                 41P    111
0.330682855,2.795735829,0.,0.354829152,2.847068342,0.,                41P    112
0.376410807,2.892948696,0.,0.401622523,2.945243113,0.,                41P    113
0.422677202,2.988914958,0.,0.449339443,3.043417883,0.,                41P    114
0.460014254,3.06523932,0.,0.473400855,3.092505268,0.,                 41P    115
0.481434881,3.108869044,0.,0.497520372,3.141592654,0.,0.,1.,0.,       41P    116
0.,-1.;                                                               41P    117
126,3,3,1,0,0,0,0.,0.,0.,0.,1.,1.,1.,1.,1.,0.333333333333333,         43P    118
0.333333333333333,1.,0.,46.,-45.,90.,136.,-45.,90.,136.,45.,0.,       43P    119
46.,45.,0.,1.,-0.707106781,0.707106781,0.;                            43P    120
126,1,1,1,0,1,0,0.,0.,1.,1.,1.,1.,0.497520372,3.141592654,0.,         45P    121
1.,3.141592654,0.,0.,1.,0.,0.,1.;                                     45P    122
110,0.,46.,45.,0.,0.,45.;                                             47P    123
126,1,1,1,0,1,0,0.,0.,1.,1.,1.,1.,1.,3.141592654,0.,1.,0.,0.,         49P    124
0.,1.,0.,0.,1.;                                                       49P    125
124,1.40271576953299E-14,1.,0.,0.,-6.12323399573677E-17,              51P    126
8.58915688636046E-31,1.,0.,1.,-1.40271576953299E-14,                  51P    127
6.12323399573677E-17,0.;                                              51P    128
100,0.,0.,0.,45.,0.,-45.,0.;                                          53P    129
126,1,1,1,0,1,0,0.,0.,1.,1.,1.,1.,1.,0.,0.,0.497520372,0.,0.,         55P    130
0.,1.,0.,0.,1.;                                                       55P    131
110,0.,0.,-45.,0.,46.,-45.;                                           57P    132
102,4,41,45,49,55;                                                    59P    133
102,4,43,47,53,57;                                                    61P    134
142,1,39,59,61,1;                                                     63P    135
144,39,1,0,63;                                                        65P    136
110,0.,91.,0.,0.,-909.,0.;                                            67P    137
110,0.,91.546,-45.,0.,0.,-45.;                                        69P    138
120,67,69,0.,6.28318530717959;                                        71P    139
126,1,1,1,0,1,0,0.,0.,1.,1.,1.,1.,1.,3.141592654,0.,                  73P    140
0.497520372,3.141592654,0.,0.,1.,0.,0.,1.;                            73P    141
110,0.,0.,45.,0.,46.,45.;                                             75P    142
126,68,2,1,0,1,0,0.,0.,0.,0.015625,0.015625,0.03125,0.03125,          77P    143
0.0625,0.0625,0.09375,0.09375,0.125,0.125,0.15625,0.15625,            77P    144
0.1875,0.1875,0.21875,0.21875,0.25,0.25,0.28125,0.28125,0.3125,       77P    145
0.3125,0.34375,0.34375,0.375,0.375,0.40625,0.40625,0.4375,            77P    146
0.4375,0.46875,0.46875,0.5,0.5,0.53125,0.53125,0.5625,0.5625,         77P    147
0.59375,0.59375,0.625,0.625,0.65625,0.65625,0.6875,0.6875,            77P    148
0.71875,0.71875,0.75,0.75,0.78125,0.78125,0.8125,0.8125,              77P    149
0.84375,0.84375,0.875,0.875,0.90625,0.90625,0.9375,0.9375,            77P    150
0.96875,0.96875,0.984375,0.984375,1.,1.,1.,1.,1.,1.,1.,1.,1.,         77P    151
1.,1.,1.,1.,1.,1.,1.,1.,1.,1.,1.,1.,1.,1.,1.,1.,1.,1.,1.,1.,1.,       77P    152
1.,1.,1.,1.,1.,1.,1.,1.,1.,1.,1.,1.,1.,1.,1.,1.,1.,1.,1.,1.,1.,       77P    153
1.,1.,1.,1.,1.,1.,1.,1.,1.,1.,1.,1.,1.,1.,1.,1.,1.,1.,1.,1.,1.,       77P    154
0.497520372,3.141592654,0.,0.481434881,3.174316263,0.,                77P    155
0.473400855,3.190680039,0.,0.460014254,3.217945988,0.,                77P    156
0.449339443,3.239767424,0.,0.422677202,3.29427035,0.,                 77P    157
0.401622523,3.337942194,0.,0.376410807,3.390236611,0.,                77P    158
0.354829152,3.436116965,0.,0.330682855,3.487449478,0.,                77P    159
0.309409975,3.534291735,0.,0.286346151,3.585077597,0.,                77P    160
0.265802404,3.632466506,0.,0.243941323,3.682894149,0.,                77P    161
0.224426403,3.730641276,0.,0.203921002,3.780811812,0.,                77P    162
0.185680447,3.828816047,0.,0.166691534,3.878789758,0.,                77P    163
0.14993768,3.926990817,0.,0.132622684,3.976806289,0.,                 77P    164
0.117542324,4.025165587,0.,0.102049129,4.074848755,0.,                77P    165
0.088806365,4.123340358,0.,0.075269403,4.172909234,0.,                77P    166
0.064006544,4.221515128,0.,0.052544076,4.270982455,0.,                77P    167
0.043381699,4.319689899,0.,0.034093783,4.369064716,0.,                77P    168
0.027130458,4.417864669,0.,0.020097406,4.467153275,0.,                77P    169
0.015409328,4.51603944,0.,0.010690526,4.565245986,0.,                 77P    170
0.008331192,4.61421421,0.,0.005964215,4.66334106,0.,                  77P    171
0.005964215,4.71238898,0.,0.005964215,4.761436901,0.,                 77P    172
0.008331192,4.810563751,0.,0.010690526,4.859531975,0.,                77P    173
0.015409328,4.908738521,0.,0.020097406,4.957624685,0.,                77P    174
0.027130458,5.006913292,0.,0.034093783,5.055713245,0.,                77P    175
0.043381699,5.105088062,0.,0.052544076,5.153795505,0.,                77P    176
0.064006544,5.203262833,0.,0.075269403,5.251868727,0.,                77P    177
0.088806365,5.301437603,0.,0.102049129,5.349929206,0.,                77P    178
0.117542324,5.399612373,0.,0.132622684,5.447971672,0.,                77P    179
0.14993768,5.497787144,0.,0.166691534,5.545988202,0.,                 77P    180
0.185680447,5.595961914,0.,0.203921002,5.643966148,0.,                77P    181
0.224426403,5.694136685,0.,0.243941323,5.741883812,0.,                77P    182
0.265802404,5.792311455,0.,0.286346151,5.839700364,0.,                77P    183
0.309409975,5.890486225,0.,0.330682855,5.937328483,0.,                77P    184
0.354829152,5.988660996,0.,0.376410807,6.03454135,0.,                 77P    185
0.401622523,6.086835766,0.,0.422677202,6.130507611,0.,                77P    186
0.449339443,6.185010537,0.,0.460014254,6.206831973,0.,                77P    187
0.473400855,6.234097922,0.,0.481434881,6.250461698,0.,                77P    188
0.497520372,6.283185307,0.,0.,1.,0.,0.,-1.;                           77P    189
126,3,3,1,0,0,0,0.,0.,0.,0.,1.,1.,1.,1.,1.,0.333333333333333,         79P    190
0.333333333333333,1.,0.,46.,45.,-90.,136.,45.,-90.,136.,-45.,         79P    191
0.,46.,-45.,0.,1.,0.707106781,0.707106781,0.;                         79P    192
126,1,1,1,0,1,0,0.,0.,1.,1.,1.,1.,0.497520372,6.283185307,0.,         81P    193
1.,6.283185307,0.,0.,1.,0.,0.,1.;                                     81P    194
110,0.,46.,-45.,0.,0.,-45.;                                           83P    195
126,1,1,1,0,1,0,0.,0.,1.,1.,1.,1.,1.,6.283185307,0.,1.,               85P    196
3.141592654,0.,0.,1.,0.,0.,1.;                                        85P    197
124,6.12323399573677E-17,-1.,0.,0.,6.12323399573677E-17,              87P    198
3.74939945665464E-33,1.,0.,-1.,-6.12323399573677E-17,                 87P    199
6.12323399573677E-17,0.;                                              87P    200
100,0.,0.,0.,45.,0.,-45.,0.;                                          89P    201
102,4,73,77,81,85;                                                    91P    202
102,4,75,79,83,89;                                                    93P    203
142,1,71,91,93,1;                                                     95P    204
144,71,1,0,95;                                                        97P    205
128,1,1,1,1,0,0,1,0,0,0.,0.,1.,1.,0.,0.,1.,1.,1.,1.,1.,1.,            99P    206
-45.54,0.,-45.54,-45.54,0.,45.54,45.54,0.,-45.54,45.54,0.,            99P    207
45.54,0.,1.,0.,1.;                                                    99P    208
126,64,2,1,0,1,0,0.,0.,0.,0.03125,0.03125,0.0625,0.0625,             101P    209
0.09375,0.09375,0.125,0.125,0.15625,0.15625,0.1875,0.1875,           101P    210
0.21875,0.21875,0.25,0.25,0.28125,0.28125,0.3125,0.3125,             101P    211
0.34375,0.34375,0.375,0.375,0.40625,0.40625,0.4375,0.4375,           101P    212
0.46875,0.46875,0.5,0.5,0.53125,0.53125,0.5625,0.5625,0.59375,       101P    213
0.59375,0.625,0.625,0.65625,0.65625,0.6875,0.6875,0.71875,           101P    214
0.71875,0.75,0.75,0.78125,0.78125,0.8125,0.8125,0.84375,             101P    215
0.84375,0.875,0.875,0.90625,0.90625,0.9375,0.9375,0.96875,           101P    216
0.96875,1.,1.,1.,1.,1.,1.,1.,1.,1.,1.,1.,1.,1.,1.,1.,1.,1.,1.,       101P    217
1.,1.,1.,1.,1.,1.,1.,1.,1.,1.,1.,1.,1.,1.,1.,1.,1.,1.,1.,1.,1.,      101P    218
1.,1.,1.,1.,1.,1.,1.,1.,1.,1.,1.,1.,1.,1.,1.,1.,1.,1.,1.,1.,1.,      101P    219
1.,1.,1.,1.,1.,1.,1.,1.,0.994071146,0.5,0.,0.994071146,              101P    220
0.524272159,0.,0.991692059,0.548427441,0.,0.989312971,               101P    221
0.572582723,0.,0.984577708,0.596388499,0.,0.979842444,               101P    222
0.620194275,0.,0.972796609,0.643421283,0.,0.965750773,               101P    223
0.666648291,0.,0.95646222,0.689072842,0.,0.947173667,                101P    224
0.711497393,0.,0.93573185,0.732903526,0.,0.924290033,                101P    225
0.754309659,0.,0.910805144,0.774491222,0.,0.897320255,               101P    226
0.794672784,0.,0.881922161,0.813435417,0.,0.866524066,               101P    227
0.83219805,0.,0.849361058,0.849361058,0.,0.83219805,                 101P    228
0.866524066,0.,0.813435417,0.881922161,0.,0.794672784,               101P    229
0.897320255,0.,0.774491222,0.910805144,0.,0.754309659,               101P    230
0.924290033,0.,0.732903526,0.93573185,0.,0.711497393,                101P    231
0.947173667,0.,0.689072842,0.95646222,0.,0.666648291,                101P    232
0.965750773,0.,0.643421283,0.972796609,0.,0.620194275,               101P    233
0.979842444,0.,0.596388499,0.984577708,0.,0.572582723,               101P    234
0.989312971,0.,0.548427441,0.991692059,0.,0.524272159,               101P    235
0.994071146,0.,0.5,0.994071146,0.,0.475727841,0.994071146,0.,        101P    236
0.451572559,0.991692059,0.,0.427417277,0.989312971,0.,               101P    237
0.403611501,0.984577708,0.,0.379805725,0.979842444,0.,               101P    238
0.356578717,0.972796609,0.,0.333351709,0.965750773,0.,               101P    239
0.310927158,0.95646222,0.,0.288502607,0.947173667,0.,                101P    240
0.267096474,0.93573185,0.,0.245690341,0.924290033,0.,                101P    241
0.225508778,0.910805144,0.,0.205327216,0.897320255,0.,               101P    242
0.186564583,0.881922161,0.,0.16780195,0.866524066,0.,                101P    243
0.150638942,0.849361058,0.,0.133475934,0.83219805,0.,                101P    244
0.118077839,0.813435417,0.,0.102679745,0.794672784,0.,               101P    245
0.089194856,0.774491222,0.,0.075709967,0.754309659,0.,               101P    246
0.06426815,0.732903526,0.,0.052826333,0.711497393,0.,                101P    247
0.04353778,0.689072842,0.,0.034249227,0.666648291,0.,                101P    248
0.027203391,0.643421283,0.,0.020157556,0.620194275,0.,               101P    249
0.015422292,0.596388499,0.,0.010687029,0.572582723,0.,               101P    250
0.008307941,0.548427441,0.,0.005928854,0.524272159,0.,               101P    251
0.005928854,0.5,0.,0.,1.,0.,0.,-1.;                                  101P    252
124,1.40271576953299E-14,1.,0.,0.,-6.12323399573677E-17,             103P    253
8.58915688636046E-31,1.,0.,1.,-1.40271576953299E-14,                 103P    254
6.12323399573677E-17,0.;                                             103P    255
100,0.,0.,0.,45.,0.,-45.,0.;                                         105P    256
126,64,2,1,0,1,0,0.,0.,0.,0.03125,0.03125,0.0625,0.0625,             107P    257
0.09375,0.09375,0.125,0.125,0.15625,0.15625,0.1875,0.1875,           107P    258
0.21875,0.21875,0.25,0.25,0.28125,0.28125,0.3125,0.3125,             107P    259
0.34375,0.34375,0.375,0.375,0.40625,0.40625,0.4375,0.4375,           107P    260
0.46875,0.46875,0.5,0.5,0.53125,0.53125,0.5625,0.5625,0.59375,       107P    261
0.59375,0.625,0.625,0.65625,0.65625,0.6875,0.6875,0.71875,           107P    262
0.71875,0.75,0.75,0.78125,0.78125,0.8125,0.8125,0.84375,             107P    263
0.84375,0.875,0.875,0.90625,0.90625,0.9375,0.9375,0.96875,           107P    264
0.96875,1.,1.,1.,1.,1.,1.,1.,1.,1.,1.,1.,1.,1.,1.,1.,1.,1.,1.,       107P    265
1.,1.,1.,1.,1.,1.,1.,1.,1.,1.,1.,1.,1.,1.,1.,1.,1.,1.,1.,1.,1.,      107P    266
1.,1.,1.,1.,1.,1.,1.,1.,1.,1.,1.,1.,1.,1.,1.,1.,1.,1.,1.,1.,1.,      107P    267
1.,1.,1.,1.,1.,1.,1.,1.,0.005928854,0.5,0.,0.005928854,              107P    268
0.475727841,0.,0.008307941,0.451572559,0.,0.010687029,               107P    269
0.427417277,0.,0.015422292,0.403611501,0.,0.020157556,               107P    270
0.379805725,0.,0.027203391,0.356578717,0.,0.034249227,               107P    271
0.333351709,0.,0.04353778,0.310927158,0.,0.052826333,                107P    272
0.288502607,0.,0.06426815,0.267096474,0.,0.075709967,                107P    273
0.245690341,0.,0.089194856,0.225508778,0.,0.102679745,               107P    274
0.205327216,0.,0.118077839,0.186564583,0.,0.133475934,               107P    275
0.16780195,0.,0.150638942,0.150638942,0.,0.16780195,                 107P    276
0.133475934,0.,0.186564583,0.118077839,0.,0.205327216,               107P    277
0.102679745,0.,0.225508778,0.089194856,0.,0.245690341,               107P    278
0.075709967,0.,0.267096474,0.06426815,0.,0.288502607,                107P    279
0.052826333,0.,0.310927158,0.04353778,0.,0.333351709,                107P    280
0.034249227,0.,0.356578717,0.027203391,0.,0.379805725,               107P    281
0.020157556,0.,0.403611501,0.015422292,0.,0.427417277,               107P    282
0.010687029,0.,0.451572559,0.008307941,0.,0.475727841,               107P    283
0.005928854,0.,0.5,0.005928854,0.,0.524272159,0.005928854,0.,        107P    284
0.548427441,0.008307941,0.,0.572582723,0.010687029,0.,               107P    285
0.596388499,0.015422292,0.,0.620194275,0.020157556,0.,               107P    286
0.643421283,0.027203391,0.,0.666648291,0.034249227,0.,               107P    287
0.689072842,0.04353778,0.,0.711497393,0.052826333,0.,                107P    288
0.732903526,0.06426815,0.,0.754309659,0.075709967,0.,                107P    289
0.774491222,0.089194856,0.,0.794672784,0.102679745,0.,               107P    290
0.813435417,0.118077839,0.,0.83219805,0.133475934,0.,                107P    291
0.849361058,0.150638942,0.,0.866524066,0.16780195,0.,                107P    292
0.881922161,0.186564583,0.,0.897320255,0.205327216,0.,               107P    293
0.910805144,0.225508778,0.,0.924290033,0.245690341,0.,               107P    294
0.93573185,0.267096474,0.,0.947173667,0.288502607,0.,                107P    295
0.95646222,0.310927158,0.,0.965750773,0.333351709,0.,                107P    296
0.972796609,0.356578717,0.,0.979842444,0.379805725,0.,               107P    297
0.984577708,0.403611501,0.,0.989312971,0.427417277,0.,               107P    298
0.991692059,0.451572559,0.,0.994071146,0.475727841,0.,               107P    299
0.994071146,0.5,0.,0.,1.,0.,0.,-1.;                                  107P    300
124,6.12323399573677E-17,-1.,0.,0.,6.12323399573677E-17,             109P    301
3.74939945665464E-33,1.,0.,-1.,-6.12323399573677E-17,                109P    302
6.12323399573677E-17,0.;                                             109P    303
100,0.,0.,0.,45.,0.,-45.,0.;                                         111P    304
102,2,101,107;                                                       113P    305
102,2,105,111;                                                       115P    306
142,1,99,113,115,1;                                                  117P    307
144,99,1,0,117;                                                      119P    308
128,1,1,1,1,0,0,1,0,0,0.,0.,1.,1.,0.,0.,1.,1.,1.,1.,1.,1.,0.,        121P    309
46.,-45.54,45.27,91.27,-45.54,0.,46.,45.54,45.27,91.27,45.54,        121P    310
0.,1.,0.,1.;                                                         121P    311
126,64,2,1,0,1,0,0.,0.,0.,0.03125,0.03125,0.0625,0.0625,             123P    312
0.09375,0.09375,0.125,0.125,0.15625,0.15625,0.1875,0.1875,           123P    313
0.21875,0.21875,0.25,0.25,0.28125,0.28125,0.3125,0.3125,             123P    314
0.34375,0.34375,0.375,0.375,0.40625,0.40625,0.4375,0.4375,           123P    315
0.46875,0.46875,0.5,0.5,0.53125,0.53125,0.5625,0.5625,0.59375,       123P    316
0.59375,0.625,0.625,0.65625,0.65625,0.6875,0.6875,0.71875,           123P    317
0.71875,0.75,0.75,0.78125,0.78125,0.8125,0.8125,0.84375,             123P    318
0.84375,0.875,0.875,0.90625,0.90625,0.9375,0.9375,0.96875,           123P    319
0.96875,1.,1.,1.,1.,1.,1.,1.,1.,1.,1.,1.,1.,1.,1.,1.,1.,1.,1.,       123P    320
1.,1.,1.,1.,1.,1.,1.,1.,1.,1.,1.,1.,1.,1.,1.,1.,1.,1.,1.,1.,1.,      123P    321
1.,1.,1.,1.,1.,1.,1.,1.,1.,1.,1.,1.,1.,1.,1.,1.,1.,1.,1.,1.,1.,      123P    322
1.,1.,1.,1.,1.,1.,1.,1.,0.,0.005928854,0.,0.048833847,               123P    323
0.005928854,0.,0.097432545,0.008307941,0.,0.146031243,               123P    324
0.010687029,0.,0.193926761,0.015422292,0.,0.241822279,               123P    325
0.020157556,0.,0.288553357,0.027203391,0.,0.335284435,               123P    326
0.034249227,0.,0.380401026,0.04353778,0.,0.425517618,                123P    327
0.052826333,0.,0.468585225,0.06426815,0.,0.511652833,                123P    328
0.075709967,0.,0.552256693,0.089194856,0.,0.592860552,               123P    329
0.102679745,0.,0.630609626,0.118077839,0.,0.6683587,                 123P    330
0.133475934,0.,0.702889445,0.150638942,0.,0.737420189,               123P    331
0.16780195,0.,0.768400053,0.186564583,0.,0.799379917,                123P    332
0.205327216,0.,0.826510549,0.225508778,0.,0.853641181,               123P    333
0.245690341,0.,0.876661297,0.267096474,0.,0.899681413,               123P    334
0.288502607,0.,0.918369317,0.310927158,0.,0.937057221,               123P    335
0.333351709,0.,0.951232938,0.356578717,0.,0.965408656,               123P    336
0.379805725,0.,0.974935666,0.403611501,0.,0.984462677,               123P    337
0.427417277,0.,0.989249231,0.451572559,0.,0.994035785,               123P    338
0.475727841,0.,0.994035785,0.5,0.,0.994035785,0.524272159,0.,        123P    339
0.989249231,0.548427441,0.,0.984462677,0.572582723,0.,               123P    340
0.974935666,0.596388499,0.,0.965408656,0.620194275,0.,               123P    341
0.951232938,0.643421283,0.,0.937057221,0.666648291,0.,               123P    342
0.918369317,0.689072842,0.,0.899681413,0.711497393,0.,               123P    343
0.876661297,0.732903526,0.,0.853641181,0.754309659,0.,               123P    344
0.826510549,0.774491222,0.,0.799379917,0.794672784,0.,               123P    345
0.768400053,0.813435417,0.,0.737420189,0.83219805,0.,                123P    346
0.702889445,0.849361058,0.,0.6683587,0.866524066,0.,                 123P    347
0.630609626,0.881922161,0.,0.592860552,0.897320255,0.,               123P    348
0.552256693,0.910805144,0.,0.511652833,0.924290033,0.,               123P    349
0.468585225,0.93573185,0.,0.425517618,0.947173667,0.,                123P    350
0.380401026,0.95646222,0.,0.335284435,0.965750773,0.,                123P    351
0.288553357,0.972796609,0.,0.241822279,0.979842444,0.,               123P    352
0.193926761,0.984577708,0.,0.146031243,0.989312971,0.,               123P    353
0.097432545,0.991692059,0.,0.048833847,0.994071146,0.,0.,            123P    354
0.994071146,0.,0.,1.,0.,0.,-1.;                                      123P    355
126,3,3,1,0,0,0,0.,0.,0.,0.,1.,1.,1.,1.,1.,0.333333333333333,        125P    356
0.333333333333333,1.,0.,46.,-45.,90.,136.,-45.,90.,136.,45.,0.,      125P    357
46.,45.,0.,1.,-0.707106781,0.707106781,0.;                           125P    358
126,1,1,1,0,1,0,0.,0.,1.,1.,1.,1.,0.,0.994071146,0.,0.,              127P    359
0.939174352,0.,0.,1.,0.,0.,1.;                                       127P    360
110,0.,46.,45.,0.,46.,40.;                                           129P    361
126,64,2,1,0,1,0,0.,0.,0.,0.03125,0.03125,0.0625,0.0625,             131P    362
0.09375,0.09375,0.125,0.125,0.15625,0.15625,0.1875,0.1875,           131P    363
0.21875,0.21875,0.25,0.25,0.28125,0.28125,0.3125,0.3125,             131P    364
0.34375,0.34375,0.375,0.375,0.40625,0.40625,0.4375,0.4375,           131P    365
0.46875,0.46875,0.5,0.5,0.53125,0.53125,0.5625,0.5625,0.59375,       131P    366
0.59375,0.625,0.625,0.65625,0.65625,0.6875,0.6875,0.71875,           131P    367
0.71875,0.75,0.75,0.78125,0.78125,0.8125,0.8125,0.84375,             131P    368
0.84375,0.875,0.875,0.90625,0.90625,0.9375,0.9375,0.96875,           131P    369
0.96875,1.,1.,1.,1.,1.,1.,1.,1.,1.,1.,1.,1.,1.,1.,1.,1.,1.,1.,       131P    370
1.,1.,1.,1.,1.,1.,1.,1.,1.,1.,1.,1.,1.,1.,1.,1.,1.,1.,1.,1.,1.,      131P    371
1.,1.,1.,1.,1.,1.,1.,1.,1.,1.,1.,1.,1.,1.,1.,1.,1.,1.,1.,1.,1.,      131P    372
1.,1.,1.,1.,1.,1.,1.,1.,0.,0.939174352,0.,0.043407864,               131P    373
0.939174352,0.,0.086606707,0.937059608,0.,0.12980555,                131P    374
0.934944863,0.,0.172379344,0.93073574,0.,0.214953137,                131P    375
0.926526617,0.,0.256491873,0.920263652,0.,0.298030609,               131P    376
0.914000687,0.,0.338134246,0.905744195,0.,0.378237882,               131P    377
0.897487704,0.,0.4165202,0.8873172,0.,0.454802518,0.877146696,       131P    378
0.,0.490894838,0.865160128,0.,0.526987158,0.85317356,0.,             131P    379
0.56054189,0.839486365,0.,0.594096623,0.82579917,0.,                 131P    380
0.624790617,0.810543163,0.,0.655484612,0.795287155,0.,               131P    381
0.683022269,0.77860926,0.,0.710559927,0.761931364,0.,                131P    382
0.734676044,0.743992197,0.,0.758792161,0.72605303,0.,                131P    383
0.779254486,0.707025357,0.,0.799716811,0.687997683,0.,               131P    384
0.816328281,0.668064749,0.,0.832939752,0.648131814,0.,               131P    385
0.845540389,0.627485585,0.,0.858141027,0.606839356,0.,               131P    386
0.866609481,0.585678666,0.,0.875077935,0.564517976,0.,               131P    387
0.87933265,0.543046614,0.,0.883587365,0.521575252,0.,                131P    388
0.883587365,0.5,0.,0.883587365,0.478424748,0.,0.87933265,            131P    389
0.456953386,0.,0.875077935,0.435482024,0.,0.866609481,               131P    390
0.414321334,0.,0.858141027,0.393160644,0.,0.845540389,               131P    391
0.372514415,0.,0.832939752,0.351868186,0.,0.816328281,               131P    392
0.331935251,0.,0.799716811,0.312002317,0.,0.779254486,               131P    393
0.292974643,0.,0.758792161,0.27394697,0.,0.734676044,                131P    394
0.256007803,0.,0.710559927,0.238068636,0.,0.683022269,               131P    395
0.22139074,0.,0.655484612,0.204712845,0.,0.624790617,                131P    396
0.189456837,0.,0.594096623,0.17420083,0.,0.56054189,                 131P    397
0.160513635,0.,0.526987158,0.14682644,0.,0.490894838,                131P    398
0.134839872,0.,0.454802518,0.122853304,0.,0.4165202,0.1126828,       131P    399
0.,0.378237882,0.102512296,0.,0.338134246,0.094255805,0.,            131P    400
0.298030609,0.085999313,0.,0.256491873,0.079736348,0.,               131P    401
0.214953137,0.073473383,0.,0.172379344,0.06926426,0.,                131P    402
0.12980555,0.065055137,0.,0.086606707,0.062940392,0.,                131P    403
0.043407864,0.060825648,0.,0.,0.060825648,0.,0.,1.,0.,0.,1.;         131P    404
126,3,3,1,0,0,0,0.,0.,0.,0.,1.,1.,1.,1.,1.,0.333333333333333,        133P    405
0.333333333333333,1.,0.,46.,40.,80.,126.,40.,80.,126.,-40.,0.,       133P    406
46.,-40.,0.,1.,0.707106781,-0.707106781,0.;                          133P    407
126,1,1,1,0,1,0,0.,0.,1.,1.,1.,1.,0.,0.060825648,0.,0.,              135P    408
0.005928854,0.,0.,1.,0.,0.,1.;                                       135P    409
110,0.,46.,-40.,0.,46.,-45.;                                         137P    410
102,4,123,127,131,135;                                               139P    411
102,4,125,129,133,137;                                               141P    412
142,1,121,139,141,1;                                                 143P    413
144,121,1,0,143;                                                     145P    414
128,1,1,1,1,0,0,1,0,0,0.,0.,1.,1.,0.,0.,1.,1.,1.,1.,1.,1.,           147P    415
-45.27,91.27,-45.54,0.,46.,-45.54,-45.27,91.27,45.54,0.,46.,         147P    416
45.54,0.,1.,0.,1.;                                                   147P    417
126,64,2,1,0,1,0,0.,0.,0.,0.03125,0.03125,0.0625,0.0625,             149P    418
0.09375,0.09375,0.125,0.125,0.15625,0.15625,0.1875,0.1875,           149P    419
0.21875,0.21875,0.25,0.25,0.28125,0.28125,0.3125,0.3125,             149P    420
0.34375,0.34375,0.375,0.375,0.40625,0.40625,0.4375,0.4375,           149P    421
0.46875,0.46875,0.5,0.5,0.53125,0.53125,0.5625,0.5625,0.59375,       149P    422
0.59375,0.625,0.625,0.65625,0.65625,0.6875,0.6875,0.71875,           149P    423
0.71875,0.75,0.75,0.78125,0.78125,0.8125,0.8125,0.84375,             149P    424
0.84375,0.875,0.875,0.90625,0.90625,0.9375,0.9375,0.96875,           149P    425
0.96875,1.,1.,1.,1.,1.,1.,1.,1.,1.,1.,1.,1.,1.,1.,1.,1.,1.,1.,       149P    426
1.,1.,1.,1.,1.,1.,1.,1.,1.,1.,1.,1.,1.,1.,1.,1.,1.,1.,1.,1.,1.,      149P    427
1.,1.,1.,1.,1.,1.,1.,1.,1.,1.,1.,1.,1.,1.,1.,1.,1.,1.,1.,1.,1.,      149P    428
1.,1.,1.,1.,1.,1.,1.,1.,1.,0.994071146,0.,0.951166153,               149P    429
0.994071146,0.,0.902567455,0.991692059,0.,0.853968757,               149P    430
0.989312971,0.,0.806073239,0.984577708,0.,0.758177721,               149P    431
0.979842444,0.,0.711446643,0.972796609,0.,0.664715565,               149P    432
0.965750773,0.,0.619598974,0.95646222,0.,0.574482382,                149P    433
0.947173667,0.,0.531414775,0.93573185,0.,0.488347167,                149P    434
0.924290033,0.,0.447743307,0.910805144,0.,0.407139448,               149P    435
0.897320255,0.,0.369390374,0.881922161,0.,0.3316413,                 149P    436
0.866524066,0.,0.297110555,0.849361058,0.,0.262579811,               149P    437
0.83219805,0.,0.231599947,0.813435417,0.,0.200620083,                149P    438
0.794672784,0.,0.173489451,0.774491222,0.,0.146358819,               149P    439
0.754309659,0.,0.123338703,0.732903526,0.,0.100318587,               149P    440
0.711497393,0.,0.081630683,0.689072842,0.,0.062942779,               149P    441
0.666648291,0.,0.048767062,0.643421283,0.,0.034591344,               149P    442
0.620194275,0.,0.025064334,0.596388499,0.,0.015537323,               149P    443
0.572582723,0.,0.010750769,0.548427441,0.,0.005964215,               149P    444
0.524272159,0.,0.005964215,0.5,0.,0.005964215,0.475727841,0.,        149P    445
0.010750769,0.451572559,0.,0.015537323,0.427417277,0.,               149P    446
0.025064334,0.403611501,0.,0.034591344,0.379805725,0.,               149P    447
0.048767062,0.356578717,0.,0.062942779,0.333351709,0.,               149P    448
0.081630683,0.310927158,0.,0.100318587,0.288502607,0.,               149P    449
0.123338703,0.267096474,0.,0.146358819,0.245690341,0.,               149P    450
0.173489451,0.225508778,0.,0.200620083,0.205327216,0.,               149P    451
0.231599947,0.186564583,0.,0.262579811,0.16780195,0.,                149P    452
0.297110555,0.150638942,0.,0.3316413,0.133475934,0.,                 149P    453
0.369390374,0.118077839,0.,0.407139448,0.102679745,0.,               149P    454
0.447743307,0.089194856,0.,0.488347167,0.075709967,0.,               149P    455
0.531414775,0.06426815,0.,0.574482382,0.052826333,0.,                149P    456
0.619598974,0.04353778,0.,0.664715565,0.034249227,0.,                149P    457
0.711446643,0.027203391,0.,0.758177721,0.020157556,0.,               149P    458
0.806073239,0.015422292,0.,0.853968757,0.010687029,0.,               149P    459
0.902567455,0.008307941,0.,0.951166153,0.005928854,0.,1.,            149P    460
0.005928854,0.,0.,1.,0.,0.,-1.;                                      149P    461
126,3,3,1,0,0,0,0.,0.,0.,0.,1.,1.,1.,1.,1.,0.333333333333333,        151P    462
0.333333333333333,1.,0.,46.,45.,-90.,136.,45.,-90.,136.,-45.,        151P    463
0.,46.,-45.,0.,1.,0.707106781,0.707106781,0.;                        151P    464
126,1,1,1,0,1,0,0.,0.,1.,1.,1.,1.,1.,0.005928854,0.,1.,              153P    465
0.060825648,0.,0.,1.,0.,0.,1.;                                       153P    466
110,0.,46.,-45.,0.,46.,-40.;                                         155P    467
126,64,2,1,0,1,0,0.,0.,0.,0.03125,0.03125,0.0625,0.0625,             157P    468
0.09375,0.09375,0.125,0.125,0.15625,0.15625,0.1875,0.1875,           157P    469
0.21875,0.21875,0.25,0.25,0.28125,0.28125,0.3125,0.3125,             157P    470
0.34375,0.34375,0.375,0.375,0.40625,0.40625,0.4375,0.4375,           157P    471
0.46875,0.46875,0.5,0.5,0.53125,0.53125,0.5625,0.5625,0.59375,       157P    472
0.59375,0.625,0.625,0.65625,0.65625,0.6875,0.6875,0.71875,           157P    473
0.71875,0.75,0.75,0.78125,0.78125,0.8125,0.8125,0.84375,             157P    474
0.84375,0.875,0.875,0.90625,0.90625,0.9375,0.9375,0.96875,           157P    475
0.96875,1.,1.,1.,1.,1.,1.,1.,1.,1.,1.,1.,1.,1.,1.,1.,1.,1.,1.,       157P    476
1.,1.,1.,1.,1.,1.,1.,1.,1.,1.,1.,1.,1.,1.,1.,1.,1.,1.,1.,1.,1.,      157P    477
1.,1.,1.,1.,1.,1.,1.,1.,1.,1.,1.,1.,1.,1.,1.,1.,1.,1.,1.,1.,1.,      157P    478
1.,1.,1.,1.,1.,1.,1.,1.,1.,0.060825648,0.,0.956592136,               157P    479
0.060825648,0.,0.913393293,0.062940392,0.,0.87019445,                157P    480
0.065055137,0.,0.827620656,0.06926426,0.,0.785046863,                157P    481
0.073473383,0.,0.743508127,0.079736348,0.,0.701969391,               157P    482
0.085999313,0.,0.661865754,0.094255805,0.,0.621762118,               157P    483
0.102512296,0.,0.5834798,0.1126828,0.,0.545197482,0.122853304,       157P    484
0.,0.509105162,0.134839872,0.,0.473012842,0.14682644,0.,             157P    485
0.43945811,0.160513635,0.,0.405903377,0.17420083,0.,                 157P    486
0.375209383,0.189456837,0.,0.344515388,0.204712845,0.,               157P    487
0.316977731,0.22139074,0.,0.289440073,0.238068636,0.,                157P    488
0.265323956,0.256007803,0.,0.241207839,0.27394697,0.,                157P    489
0.220745514,0.292974643,0.,0.200283189,0.312002317,0.,               157P    490
0.183671719,0.331935251,0.,0.167060248,0.351868186,0.,               157P    491
0.154459611,0.372514415,0.,0.141858973,0.393160644,0.,               157P    492
0.133390519,0.414321334,0.,0.124922065,0.435482024,0.,               157P    493
0.12066735,0.456953386,0.,0.116412635,0.478424748,0.,                157P    494
0.116412635,0.5,0.,0.116412635,0.521575252,0.,0.12066735,            157P    495
0.543046614,0.,0.124922065,0.564517976,0.,0.133390519,               157P    496
0.585678666,0.,0.141858973,0.606839356,0.,0.154459611,               157P    497
0.627485585,0.,0.167060248,0.648131814,0.,0.183671719,               157P    498
0.668064749,0.,0.200283189,0.687997683,0.,0.220745514,               157P    499
0.707025357,0.,0.241207839,0.72605303,0.,0.265323956,                157P    500
0.743992197,0.,0.289440073,0.761931364,0.,0.316977731,               157P    501
0.77860926,0.,0.344515388,0.795287155,0.,0.375209383,                157P    502
0.810543163,0.,0.405903377,0.82579917,0.,0.43945811,                 157P    503
0.839486365,0.,0.473012842,0.85317356,0.,0.509105162,                157P    504
0.865160128,0.,0.545197482,0.877146696,0.,0.5834798,0.8873172,       157P    505
0.,0.621762118,0.897487704,0.,0.661865754,0.905744195,0.,            157P    506
0.701969391,0.914000687,0.,0.743508127,0.920263652,0.,               157P    507
0.785046863,0.926526617,0.,0.827620656,0.93073574,0.,                157P    508
0.87019445,0.934944863,0.,0.913393293,0.937059608,0.,                157P    509
0.956592136,0.939174352,0.,1.,0.939174352,0.,0.,1.,0.,0.,1.;         157P    510
126,3,3,1,0,0,0,0.,0.,0.,0.,1.,1.,1.,1.,1.,0.333333333333333,        159P    511
0.333333333333333,1.,0.,46.,-40.,-80.,126.,-40.,-80.,126.,40.,       159P    512
0.,46.,40.,0.,1.,-0.707106781,-0.707106781,0.;                       159P    513
126,1,1,1,0,1,0,0.,0.,1.,1.,1.,1.,1.,0.939174352,0.,1.,              161P    514
0.994071146,0.,0.,1.,0.,0.,1.;                                       161P    515
110,0.,46.,40.,0.,46.,45.;                                           163P    516
102,4,149,153,157,161;                                               165P    517
102,4,151,155,159,163;                                               167P    518
142,1,147,165,167,1;                                                 169P    519
144,147,1,0,169;                                                     171P    520
128,1,1,1,1,0,0,1,0,0,0.,0.,1.,1.,0.,0.,1.,1.,1.,1.,1.,1.,           173P    521
-40.48,5.,-40.48,-40.48,5.,40.48,40.48,5.,-40.48,40.48,5.,           173P    522
40.48,0.,1.,0.,1.;                                                   173P    523
126,64,2,1,0,1,0,0.,0.,0.,0.03125,0.03125,0.0625,0.0625,             175P    524
0.09375,0.09375,0.125,0.125,0.15625,0.15625,0.1875,0.1875,           175P    525
0.21875,0.21875,0.25,0.25,0.28125,0.28125,0.3125,0.3125,             175P    526
0.34375,0.34375,0.375,0.375,0.40625,0.40625,0.4375,0.4375,           175P    527
0.46875,0.46875,0.5,0.5,0.53125,0.53125,0.5625,0.5625,0.59375,       175P    528
0.59375,0.625,0.625,0.65625,0.65625,0.6875,0.6875,0.71875,           175P    529
0.71875,0.75,0.75,0.78125,0.78125,0.8125,0.8125,0.84375,             175P    530
0.84375,0.875,0.875,0.90625,0.90625,0.9375,0.9375,0.96875,           175P    531
0.96875,1.,1.,1.,1.,1.,1.,1.,1.,1.,1.,1.,1.,1.,1.,1.,1.,1.,1.,       175P    532
1.,1.,1.,1.,1.,1.,1.,1.,1.,1.,1.,1.,1.,1.,1.,1.,1.,1.,1.,1.,1.,      175P    533
1.,1.,1.,1.,1.,1.,1.,1.,1.,1.,1.,1.,1.,1.,1.,1.,1.,1.,1.,1.,1.,      175P    534
1.,1.,1.,1.,1.,1.,1.,1.,0.005928854,0.5,0.,0.005928854,              175P    535
0.475727841,0.,0.008307941,0.451572559,0.,0.010687029,               175P    536
0.427417277,0.,0.015422292,0.403611501,0.,0.020157556,               175P    537
0.379805725,0.,0.027203391,0.356578717,0.,0.034249227,               175P    538
0.333351709,0.,0.04353778,0.310927158,0.,0.052826333,                175P    539
0.288502607,0.,0.06426815,0.267096474,0.,0.075709967,                175P    540
0.245690341,0.,0.089194856,0.225508778,0.,0.102679745,               175P    541
0.205327216,0.,0.118077839,0.186564583,0.,0.133475934,               175P    542
0.16780195,0.,0.150638942,0.150638942,0.,0.16780195,                 175P    543
0.133475934,0.,0.186564583,0.118077839,0.,0.205327216,               175P    544
0.102679745,0.,0.225508778,0.089194856,0.,0.245690341,               175P    545
0.075709967,0.,0.267096474,0.06426815,0.,0.288502607,                175P    546
0.052826333,0.,0.310927158,0.04353778,0.,0.333351709,                175P    547
0.034249227,0.,0.356578717,0.027203391,0.,0.379805725,               175P    548
0.020157556,0.,0.403611501,0.015422292,0.,0.427417277,               175P    549
0.010687029,0.,0.451572559,0.008307941,0.,0.475727841,               175P    550
0.005928854,0.,0.5,0.005928854,0.,0.524272159,0.005928854,0.,        175P    551
0.548427441,0.008307941,0.,0.572582723,0.010687029,0.,               175P    552
0.596388499,0.015422292,0.,0.620194275,0.020157556,0.,               175P    553
0.643421283,0.027203391,0.,0.666648291,0.034249227,0.,               175P    554
0.689072842,0.04353778,0.,0.711497393,0.052826333,0.,                175P    555
0.732903526,0.06426815,0.,0.754309659,0.075709967,0.,                175P    556
0.774491222,0.089194856,0.,0.794672784,0.102679745,0.,               175P    557
0.813435417,0.118077839,0.,0.83219805,0.133475934,0.,                175P    558
0.849361058,0.150638942,0.,0.866524066,0.16780195,0.,                175P    559
0.881922161,0.186564583,0.,0.897320255,0.205327216,0.,               175P    560
0.910805144,0.225508778,0.,0.924290033,0.245690341,0.,               175P    561
0.93573185,0.267096474,0.,0.947173667,0.288502607,0.,                175P    562
0.95646222,0.310927158,0.,0.965750773,0.333351709,0.,                175P    563
0.972796609,0.356578717,0.,0.979842444,0.379805725,0.,               175P    564
0.984577708,0.403611501,0.,0.989312971,0.427417277,0.,               175P    565
0.991692059,0.451572559,0.,0.994071146,0.475727841,0.,               175P    566
0.994071146,0.5,0.,0.,1.,0.,0.,-1.;                                  175P    567
124,6.12323399573677E-17,-1.,0.,5.,6.12323399573677E-17,             177P    568
3.74939945665464E-33,1.,5.,-1.,-6.12323399573677E-17,                177P    569
6.12323399573677E-17,3.06161699786839E-16;                           177P    570
100,0.,0.,5.,40.,5.,-40.,5.;                                         179P    571
126,64,2,1,0,1,0,0.,0.,0.,0.03125,0.03125,0.0625,0.0625,             181P    572
0.09375,0.09375,0.125,0.125,0.15625,0.15625,0.1875,0.1875,           181P    573
0.21875,0.21875,0.25,0.25,0.28125,0.28125,0.3125,0.3125,             181P    574
0.34375,0.34375,0.375,0.375,0.40625,0.40625,0.4375,0.4375,           181P    575
0.46875,0.46875,0.5,0.5,0.53125,0.53125,0.5625,0.5625,0.59375,       181P    576
0.59375,0.625,0.625,0.65625,0.65625,0.6875,0.6875,0.71875,           181P    577
0.71875,0.75,0.75,0.78125,0.78125,0.8125,0.8125,0.84375,             181P    578
0.84375,0.875,0.875,0.90625,0.90625,0.9375,0.9375,0.96875,           181P    579
0.96875,1.,1.,1.,1.,1.,1.,1.,1.,1.,1.,1.,1.,1.,1.,1.,1.,1.,1.,       181P    580
1.,1.,1.,1.,1.,1.,1.,1.,1.,1.,1.,1.,1.,1.,1.,1.,1.,1.,1.,1.,1.,      181P    581
1.,1.,1.,1.,1.,1.,1.,1.,1.,1.,1.,1.,1.,1.,1.,1.,1.,1.,1.,1.,1.,      181P    582
1.,1.,1.,1.,1.,1.,1.,1.,0.994071146,0.5,0.,0.994071146,              181P    583
0.524272159,0.,0.991692059,0.548427441,0.,0.989312971,               181P    584
0.572582723,0.,0.984577708,0.596388499,0.,0.979842444,               181P    585
0.620194275,0.,0.972796609,0.643421283,0.,0.965750773,               181P    586
0.666648291,0.,0.95646222,0.689072842,0.,0.947173667,                181P    587
0.711497393,0.,0.93573185,0.732903526,0.,0.924290033,                181P    588
0.754309659,0.,0.910805144,0.774491222,0.,0.897320255,               181P    589
0.794672784,0.,0.881922161,0.813435417,0.,0.866524066,               181P    590
0.83219805,0.,0.849361058,0.849361058,0.,0.83219805,                 181P    591
0.866524066,0.,0.813435417,0.881922161,0.,0.794672784,               181P    592
0.897320255,0.,0.774491222,0.910805144,0.,0.754309659,               181P    593
0.924290033,0.,0.732903526,0.93573185,0.,0.711497393,                181P    594
0.947173667,0.,0.689072842,0.95646222,0.,0.666648291,                181P    595
0.965750773,0.,0.643421283,0.972796609,0.,0.620194275,               181P    596
0.979842444,0.,0.596388499,0.984577708,0.,0.572582723,               181P    597
0.989312971,0.,0.548427441,0.991692059,0.,0.524272159,               181P    598
0.994071146,0.,0.5,0.994071146,0.,0.475727841,0.994071146,0.,        181P    599
0.451572559,0.991692059,0.,0.427417277,0.989312971,0.,               181P    600
0.403611501,0.984577708,0.,0.379805725,0.979842444,0.,               181P    601
0.356578717,0.972796609,0.,0.333351709,0.965750773,0.,               181P    602
0.310927158,0.95646222,0.,0.288502607,0.947173667,0.,                181P    603
0.267096474,0.93573185,0.,0.245690341,0.924290033,0.,                181P    604
0.225508778,0.910805144,0.,0.205327216,0.897320255,0.,               181P    605
0.186564583,0.881922161,0.,0.16780195,0.866524066,0.,                181P    606
0.150638942,0.849361058,0.,0.133475934,0.83219805,0.,                181P    607
0.118077839,0.813435417,0.,0.102679745,0.794672784,0.,               181P    608
0.089194856,0.774491222,0.,0.075709967,0.754309659,0.,               181P    609
0.06426815,0.732903526,0.,0.052826333,0.711497393,0.,                181P    610
0.04353778,0.689072842,0.,0.034249227,0.666648291,0.,                181P    611
0.027203391,0.643421283,0.,0.020157556,0.620194275,0.,               181P    612
0.015422292,0.596388499,0.,0.010687029,0.572582723,0.,               181P    613
0.008307941,0.548427441,0.,0.005928854,0.524272159,0.,               181P    614
0.005928854,0.5,0.,0.,1.,0.,0.,-1.;                                  181P    615
124,1.40271576953299E-14,1.,0.,-5.,-6.12323399573677E-17,            183P    616
8.58915688636046E-31,1.,5.,1.,-1.40271576953299E-14,                 183P    617
6.12323399573677E-17,7.01357884766496E-14;                           183P    618
100,0.,0.,5.,40.,5.,-40.,5.;                                         185P    619
102,2,175,181;                                                       187P    620
102,2,179,185;                                                       189P    621
142,1,173,187,189,1;                                                 191P    622
144,173,1,0,191;                                                     193P    623
110,0.,91.,0.,0.,-909.,0.;                                           195P    624
110,0.,86.486,-40.,0.,5.,-40.;                                       197P    625
120,195,197,0.,6.28318530717959;                                     199P    626
126,1,1,1,0,1,0,0.,0.,1.,1.,1.,1.,1.,3.141592654,0.,1.,0.,0.,        201P    627
0.,1.,0.,0.,1.;                                                      201P    628
124,1.40271576953299E-14,1.,0.,-5.,-6.12323399573677E-17,            203P    629
8.58915688636046E-31,1.,5.,1.,-1.40271576953299E-14,                 203P    630
6.12323399573677E-17,7.01357884766496E-14;                           203P    631
100,0.,0.,5.,40.,5.,-40.,5.;                                         205P    632
126,1,1,1,0,1,0,0.,0.,1.,1.,1.,1.,1.,0.,0.,0.496846084,0.,0.,        207P    633
0.,1.,0.,0.,1.;                                                      207P    634
110,0.,5.,-40.,0.,46.,-40.;                                          209P    635
126,64,2,1,0,1,0,0.,0.,0.,0.015625,0.015625,0.03125,0.03125,         211P    636
0.0625,0.0625,0.09375,0.09375,0.125,0.125,0.15625,0.15625,           211P    637
0.1875,0.1875,0.21875,0.21875,0.25,0.25,0.28125,0.28125,0.3125,      211P    638
0.3125,0.34375,0.34375,0.375,0.375,0.40625,0.40625,0.4375,           211P    639
0.4375,0.5,0.5,0.5625,0.5625,0.59375,0.59375,0.625,0.625,            211P    640
0.65625,0.65625,0.6875,0.6875,0.71875,0.71875,0.75,0.75,             211P    641
0.78125,0.78125,0.8125,0.8125,0.84375,0.84375,0.875,0.875,           211P    642
0.90625,0.90625,0.9375,0.9375,0.96875,0.96875,0.984375,              211P    643
0.984375,1.,1.,1.,1.,1.,1.,1.,1.,1.,1.,1.,1.,1.,1.,1.,1.,1.,1.,      211P    644
1.,1.,1.,1.,1.,1.,1.,1.,1.,1.,1.,1.,1.,1.,1.,1.,1.,1.,1.,1.,1.,      211P    645
1.,1.,1.,1.,1.,1.,1.,1.,1.,1.,1.,1.,1.,1.,1.,1.,1.,1.,1.,1.,1.,      211P    646
1.,1.,1.,1.,1.,1.,1.,1.,0.496846084,0.,0.,0.480782658,               211P    647
0.032723609,0.,0.472759652,0.049087385,0.,0.459391414,               211P    648
0.076353334,0.,0.448731247,0.09817477,0.,0.422105579,                211P    649
0.152677696,0.,0.401079782,0.196349541,0.,0.37590265,                211P    650
0.248643957,0.,0.354350599,0.294524311,0.,0.330237425,               211P    651
0.345856824,0.,0.308993725,0.392699082,0.,0.285961539,               211P    652
0.443484943,0.,0.265445973,0.490873852,0.,0.24361488,                211P    653
0.541301495,0.,0.224126729,0.589048623,0.,0.203649457,               211P    654
0.639219159,0.,0.185433923,0.687223393,0.,0.166471057,               211P    655
0.737197105,0.,0.149740185,0.785398163,0.,0.132448941,               211P    656
0.835213635,0.,0.117389268,0.883572934,0.,0.101917325,               211P    657
0.933256101,0.,0.088692726,0.981747704,0.,0.075174334,               211P    658
1.031316581,0.,0.063926925,1.079922475,0.,0.05248018,                211P    659
1.129389802,0.,0.043330372,1.178097245,0.,0.034055196,               211P    660
1.227472063,0.,0.027101423,1.276272016,0.,0.020078019,               211P    661
1.325560622,0.,0.015396372,1.374446786,0.,0.005964215,               211P    662
1.472938189,0.,0.005964215,1.570796327,0.,0.005964215,               211P    663
1.668654464,0.,0.015396372,1.767145868,0.,0.020078019,               211P    664
1.816032032,0.,0.027101423,1.865320638,0.,0.034055196,               211P    665
1.914120591,0.,0.043330372,1.963495408,0.,0.05248018,                211P    666
2.012202852,0.,0.063926925,2.061670179,0.,0.075174334,               211P    667
2.110276073,0.,0.088692726,2.159844949,0.,0.101917325,               211P    668
2.208336552,0.,0.117389268,2.25801972,0.,0.132448941,                211P    669
2.306379019,0.,0.149740185,2.35619449,0.,0.166471057,                211P    670
2.404395549,0.,0.185433923,2.454369261,0.,0.203649457,               211P    671
2.502373495,0.,0.224126729,2.552544031,0.,0.24361488,                211P    672
2.600291159,0.,0.265445973,2.650718801,0.,0.285961539,               211P    673
2.69810771,0.,0.308993725,2.748893572,0.,0.330237425,                211P    674
2.795735829,0.,0.354350599,2.847068342,0.,0.37590265,                211P    675
2.892948696,0.,0.401079782,2.945243113,0.,0.422105579,               211P    676
2.988914958,0.,0.448731247,3.043417883,0.,0.459391414,               211P    677
3.06523932,0.,0.472759652,3.092505268,0.,0.480782658,                211P    678
3.108869044,0.,0.496846084,3.141592654,0.,0.,1.,0.,0.,-1.;           211P    679
126,3,3,1,0,0,0,0.,0.,0.,0.,1.,1.,1.,1.,1.,0.333333333333333,        213P    680
0.333333333333333,1.,0.,46.,-40.,80.,126.,-40.,80.,126.,40.,0.,      213P    681
46.,40.,0.,1.,-0.707106781,0.707106781,0.;                           213P    682
126,1,1,1,0,1,0,0.,0.,1.,1.,1.,1.,0.496846084,3.141592654,0.,        215P    683
1.,3.141592654,0.,0.,1.,0.,0.,1.;                                    215P    684
110,0.,46.,40.,0.,5.,40.;                                            217P    685
102,4,201,207,211,215;                                               219P    686
102,4,205,209,213,217;                                               221P    687
142,1,199,219,221,1;                                                 223P    688
144,199,1,0,223;                                                     225P    689
110,63.661088619,95.518952995,0.17768261,-643.445692568,             227P    690
802.625734182,0.17768261;                                            227P    691
110,39.973011449,85.973011449,0.17768261,39.265904668,               229P    692
86.68011823,0.17768261;                                              229P    693
120,227,229,0.,6.28318530717959;                                     231P    694
126,1,1,1,0,1,0,0.,0.,1.,1.,1.,1.,0.,3.010707391,0.,1.,              233P    695
3.010707391,0.,0.,1.,0.,0.,1.;                                       233P    696
110,73.064900645,119.064900645,3.244711899,72.357793864,             235P    697
119.772007426,3.244711899;                                           235P    698
126,1,1,1,0,1,0,0.,0.,1.,1.,1.,1.,1.,3.010707391,0.,1.,0.,0.,        237P    699
0.,1.,0.,0.,1.;                                                      237P    700
124,0.701058716502842,-0.0922858386502886,0.707106781186548,         239P    701
26.1129315157399,0.701058716502843,-0.0922858386502886,              239P    702
-0.707106781186547,73.7784262347551,0.130511884634213,               239P    703
0.991446744898195,6.12323399573677E-17,-109.529302723102;            239P    704
100,0.17768261,55.882914026,103.297127588,79.382914026,              241P    705
103.297127588,32.583915521,106.364156877;                            241P    706
126,1,1,1,0,1,0,0.,0.,1.,1.,1.,1.,1.,0.,0.,0.,0.,0.,0.,1.,0.,        243P    707
0.,1.;                                                               243P    708
110,39.265904668,86.68011823,0.17768261,39.973011449,                245P    709
85.973011449,0.17768261;                                             245P    710
126,1,1,1,0,1,0,0.,0.,1.,1.,1.,1.,0.,0.,0.,0.,3.010707391,0.,        247P    711
0.,1.,0.,0.,1.;                                                      247P    712
124,-0.707106781186547,9.82547376793264E-15,-0.707106781186548,      249P    713
96.730848845356,-0.707106781186548,9.65894031423886E-15,             249P    714
0.707106781186547,142.479567688714,1.38222766565832E-14,1.,          249P    715
6.12323399573677E-17,-102.412338197107;                              249P    716
100,0.17768261,56.590020807,102.590020807,80.090020807,              251P    717
102.590020807,33.291022302,105.657050096;                            251P    718
102,4,233,237,243,247;                                               253P    719
102,4,235,241,245,251;                                               255P    720
142,1,231,253,255,1;                                                 257P    721
144,231,1,0,257;                                                     259P    722
110,0.,95.,0.,0.,-905.,0.;                                           261P    723
110,0.,70.96476553,-23.401656746,0.,45.851104778,-23.401656746;      263P    724
120,261,263,0.,6.28318530717959;                                     265P    725
126,1,1,1,0,1,0,0.,0.,1.,1.,1.,1.,0.937758625,6.283185307,0.,        267P    726
0.994071146,6.283185307,0.,0.,1.,0.,0.,1.;                           267P    727
110,0.,47.414213562,-23.401656746,0.,46.,-23.401656746;              269P    728
126,44,2,1,0,1,0,0.,0.,0.,0.03125,0.03125,0.0625,0.0625,             271P    729
0.09375,0.09375,0.125,0.125,0.15625,0.15625,0.1875,0.1875,0.25,      271P    730
0.25,0.3125,0.3125,0.375,0.375,0.4375,0.4375,0.5,0.5,0.5625,         271P    731
0.5625,0.625,0.625,0.6875,0.6875,0.75,0.75,0.8125,0.8125,            271P    732
0.84375,0.84375,0.875,0.875,0.90625,0.90625,0.9375,0.9375,           271P    733
0.96875,0.96875,1.,1.,1.,1.,1.,1.,1.,1.,1.,1.,1.,1.,1.,1.,1.,        271P    734
1.,1.,1.,1.,1.,1.,1.,1.,1.,1.,1.,1.,1.,1.,1.,1.,1.,1.,1.,1.,1.,      271P    735
1.,1.,1.,1.,1.,1.,1.,1.,1.,1.,1.,1.,0.994071146,6.283185307,0.,      271P    736
0.933092831,6.217745978,0.,0.902735857,6.185010537,0.,               271P    737
0.852192964,6.130507611,0.,0.812280176,6.086835766,0.,               271P    738
0.764487006,6.03454135,0.,0.723575242,5.988660996,0.,                271P    739
0.677801758,5.937328483,0.,0.637475331,5.890486225,0.,               271P    740
0.593753861,5.839700364,0.,0.554809633,5.792311455,0.,               271P    741
0.513368171,5.741883812,0.,0.476374263,5.694136685,0.,               271P    742
0.397274554,5.592044635,0.,0.335167996,5.497787144,0.,               271P    743
0.268741919,5.396974032,0.,0.219283008,5.301437603,0.,               271P    744
0.167568645,5.201544471,0.,0.133172693,5.105088062,0.,               271P    745
0.097816226,5.005938084,0.,0.080146223,4.908738521,0.,               271P    746
0.062241375,4.810247118,0.,0.062241375,4.71238898,0.,                271P    747
0.062241375,4.614530843,0.,0.080146223,4.51603944,0.,                271P    748
0.097816226,4.418839877,0.,0.133172693,4.319689899,0.,               271P    749
0.167568645,4.22323349,0.,0.219283008,4.123340358,0.,                271P    750
0.268741919,4.027803929,0.,0.335167996,3.926990817,0.,               271P    751
0.397274554,3.832733326,0.,0.476374263,3.730641276,0.,               271P    752
0.513368171,3.682894149,0.,0.554809633,3.632466506,0.,               271P    753
0.593753861,3.585077597,0.,0.637475331,3.534291735,0.,               271P    754
0.677801758,3.487449478,0.,0.723575242,3.436116965,0.,               271P    755
0.764487006,3.390236611,0.,0.812280176,3.337942194,0.,               271P    756
0.852192964,3.29427035,0.,0.902735857,3.239767424,0.,                271P    757
0.933092831,3.207031983,0.,0.994071146,3.141592654,0.,0.,1.,0.,      271P    758
0.,1.;                                                               271P    759
126,3,3,1,0,0,0,0.,0.,0.,0.,1.,1.,1.,1.,1.,0.333333333333333,        273P    760
0.333333333333333,1.,0.,46.,-23.401656746,-46.803313492,             273P    761
92.803313492,-23.401656746,-46.803313492,92.803313492,               273P    762
23.401656746,0.,46.,23.401656746,0.,1.,-0.707106781,                 273P    763
-0.707106781,0.;                                                     273P    764
126,1,1,1,0,1,0,0.,0.,1.,1.,1.,1.,0.994071146,3.141592654,0.,        275P    765
0.937758625,3.141592654,0.,0.,1.,0.,0.,1.;                           275P    766
110,0.,46.,23.401656746,0.,47.414213562,23.401656746;                277P    767
126,44,2,1,0,1,0,0.,0.,0.,0.03125,0.03125,0.0625,0.0625,             279P    768
0.09375,0.09375,0.125,0.125,0.15625,0.15625,0.1875,0.1875,0.25,      279P    769
0.25,0.3125,0.3125,0.375,0.375,0.4375,0.4375,0.5,0.5,0.5625,         279P    770
0.5625,0.625,0.625,0.6875,0.6875,0.75,0.75,0.8125,0.8125,            279P    771
0.84375,0.84375,0.875,0.875,0.90625,0.90625,0.9375,0.9375,           279P    772
0.96875,0.96875,1.,1.,1.,1.,1.,1.,1.,1.,1.,1.,1.,1.,1.,1.,1.,        279P    773
1.,1.,1.,1.,1.,1.,1.,1.,1.,1.,1.,1.,1.,1.,1.,1.,1.,1.,1.,1.,1.,      279P    774
1.,1.,1.,1.,1.,1.,1.,1.,1.,1.,1.,1.,0.937758625,3.141592654,0.,      279P    775
0.876780309,3.207031983,0.,0.846423335,3.239767424,0.,               279P    776
0.795880442,3.29427035,0.,0.755967655,3.337942194,0.,                279P    777
0.708174484,3.390236611,0.,0.66726272,3.436116965,0.,                279P    778
0.621489237,3.487449478,0.,0.58116281,3.534291735,0.,                279P    779
0.53744134,3.585077597,0.,0.498497111,3.632466506,0.,                279P    780
0.45705565,3.682894149,0.,0.420061742,3.730641276,0.,                279P    781
0.340962032,3.832733326,0.,0.278855475,3.926990817,0.,               279P    782
0.212429398,4.027803929,0.,0.162970486,4.123340358,0.,               279P    783
0.111256123,4.22323349,0.,0.076860172,4.319689899,0.,                279P    784
0.041503704,4.418839877,0.,0.023833702,4.51603944,0.,                279P    785
0.005928854,4.614530843,0.,0.005928854,4.71238898,0.,                279P    786
0.005928854,4.810247118,0.,0.023833702,4.908738521,0.,               279P    787
0.041503704,5.005938084,0.,0.076860172,5.105088062,0.,               279P    788
0.111256123,5.201544471,0.,0.162970486,5.301437603,0.,               279P    789
0.212429398,5.396974032,0.,0.278855475,5.497787144,0.,               279P    790
0.340962032,5.592044635,0.,0.420061742,5.694136685,0.,               279P    791
0.45705565,5.741883812,0.,0.498497111,5.792311455,0.,                279P    792
0.53744134,5.839700364,0.,0.58116281,5.890486225,0.,                 279P    793
0.621489237,5.937328483,0.,0.66726272,5.988660996,0.,                279P    794
0.708174484,6.03454135,0.,0.755967655,6.086835766,0.,                279P    795
0.795880442,6.130507611,0.,0.846423335,6.185010537,0.,               279P    796
0.876780309,6.217745978,0.,0.937758625,6.283185307,0.,0.,1.,0.,      279P    797
0.,-1.;                                                              279P    798
126,3,3,1,0,0,0,0.,0.,0.,0.,1.,1.,1.,1.,1.,0.333333333333336,        281P    799
0.333333333333336,1.,0.,47.414213562,23.401656746,                   281P    800
-46.803313492,94.217527055,23.401656746,-46.803313492,               281P    801
94.217527055,-23.401656746,0.,47.414213562,-23.401656746,0.,1.,      281P    802
0.707106781,0.707106781,0.;                                          281P    803
102,4,267,271,275,279;                                               283P    804
102,4,269,273,277,281;                                               285P    805
142,1,265,283,285,1;                                                 287P    806
144,265,1,0,287;                                                     289P    807
128,1,1,1,1,0,0,1,0,0,0.,0.,1.,1.,0.,0.,1.,1.,1.,1.,1.,1.,           291P    808
88.857321724,136.271535286,-4.,89.564428505,135.564428505,-4.,       291P    809
88.857321724,136.271535286,-3.244711899,89.564428505,                291P    810
135.564428505,-3.244711899,0.,1.,0.,1.;                              291P    811
126,1,1,1,0,1,0,0.,0.,1.,1.,1.,1.,1.,1.,0.,0.,1.,0.,0.,1.,0.,        293P    812
0.,1.;                                                               293P    813
110,89.564428505,135.564428505,-3.244711899,88.857321724,            295P    814
136.271535286,-3.244711899;                                          295P    815
126,1,1,1,0,1,0,0.,0.,1.,1.,1.,1.,0.,1.,0.,0.,0.,0.,0.,1.,0.,        297P    816
0.,1.;                                                               297P    817
110,88.857321724,136.271535286,-3.244711899,88.857321724,            299P    818
136.271535286,-4.;                                                   299P    819
126,1,1,1,0,1,0,0.,0.,1.,1.,1.,1.,0.,0.,0.,1.,0.,0.,0.,1.,0.,        301P    820
0.,1.;                                                               301P    821
110,88.857321724,136.271535286,-4.,89.564428505,135.564428505,       303P    822
-4.;                                                                 303P    823
126,1,1,1,0,1,0,0.,0.,1.,1.,1.,1.,1.,0.,0.,1.,1.,0.,0.,1.,0.,        305P    824
0.,1.;                                                               305P    825
110,89.564428505,135.564428505,-4.,89.564428505,135.564428505,       307P    826
-3.244711899;                                                        307P    827
102,4,293,297,301,305;                                               309P    828
102,4,295,299,303,307;                                               311P    829
142,1,291,309,311,1;                                                 313P    830
144,291,1,0,313;                                                     315P    831
128,1,1,1,1,0,0,1,0,0,0.,0.,1.,1.,0.,0.,1.,1.,1.,1.,1.,1.,           317P    832
-62.805776532,108.805776532,-44.,-62.098669751,109.512883313,        317P    833
-44.,-62.805776532,108.805776532,44.,-62.098669751,                  317P    834
109.512883313,44.,0.,1.,0.,1.;                                       317P    835
126,1,1,1,0,1,0,0.,0.,1.,1.,1.,1.,1.,0.,0.,1.,1.,0.,0.,1.,0.,        319P    836
0.,1.;                                                               319P    837
110,-62.098669751,109.512883313,-44.,-62.098669751,                  321P    838
109.512883313,44.;                                                   321P    839
126,1,1,1,0,1,0,0.,0.,1.,1.,1.,1.,1.,1.,0.,0.,1.,0.,0.,1.,0.,        323P    840
0.,1.;                                                               323P    841
110,-62.098669751,109.512883313,44.,-62.805776532,                   325P    842
108.805776532,44.;                                                   325P    843
126,1,1,1,0,1,0,0.,0.,1.,1.,1.,1.,0.,1.,0.,0.,0.,0.,0.,1.,0.,        327P    844
0.,1.;                                                               327P    845
110,-62.805776532,108.805776532,44.,-62.805776532,                   329P    846
108.805776532,-44.;                                                  329P    847
126,1,1,1,0,1,0,0.,0.,1.,1.,1.,1.,0.,0.,0.,1.,0.,0.,0.,1.,0.,        331P    848
0.,1.;                                                               331P    849
110,-62.805776532,108.805776532,-44.,-62.098669751,                  333P    850
109.512883313,-44.;                                                  333P    851
102,4,319,323,327,331;                                               335P    852
102,4,321,325,329,333;                                               337P    853
142,1,317,335,337,1;                                                 339P    854
144,317,1,0,339;                                                     341P    855
128,1,1,1,1,0,0,1,0,0,0.,0.,1.,1.,0.,0.,1.,1.,1.,1.,1.,1.,0.,        343P    856
46.,-44.,-62.805776532,108.805776532,-44.,0.,46.,44.,                343P    857
-62.805776532,108.805776532,44.,0.,1.,0.,1.;                         343P    858
126,1,1,1,0,1,0,0.,0.,1.,1.,1.,1.,0.,0.234072082,0.,0.,0.,0.,        345P    859
0.,1.,0.,0.,1.;                                                      345P    860
110,0.,46.,-23.401656746,0.,46.,-44.;                                347P    861
126,1,1,1,0,1,0,0.,0.,1.,1.,1.,1.,0.,0.,0.,1.,0.,0.,0.,1.,0.,        349P    862
0.,1.;                                                               349P    863
110,0.,46.,-44.,-62.805776532,108.805776532,-44.;                    351P    864
126,1,1,1,0,1,0,0.,0.,1.,1.,1.,1.,1.,0.,0.,1.,1.,0.,0.,1.,0.,        353P    865
0.,1.;                                                               353P    866
110,-62.805776532,108.805776532,-44.,-62.805776532,                  355P    867
108.805776532,44.;                                                   355P    868
126,1,1,1,0,1,0,0.,0.,1.,1.,1.,1.,1.,1.,0.,0.,1.,0.,0.,1.,0.,        357P    869
0.,1.;                                                               357P    870
110,-62.805776532,108.805776532,44.,0.,46.,44.;                      359P    871
126,1,1,1,0,1,0,0.,0.,1.,1.,1.,1.,0.,1.,0.,0.,0.765927918,0.,        361P    872
0.,1.,0.,0.,1.;                                                      361P    873
110,0.,46.,44.,0.,46.,23.401656746;                                  363P    874
126,64,2,1,0,1,0,0.,0.,0.,0.03125,0.03125,0.0625,0.0625,             365P    875
0.09375,0.09375,0.125,0.125,0.15625,0.15625,0.1875,0.1875,           365P    876
0.21875,0.21875,0.25,0.25,0.28125,0.28125,0.3125,0.3125,             365P    877
0.34375,0.34375,0.375,0.375,0.40625,0.40625,0.4375,0.4375,           365P    878
0.46875,0.46875,0.5,0.5,0.53125,0.53125,0.5625,0.5625,0.59375,       365P    879
0.59375,0.625,0.625,0.65625,0.65625,0.6875,0.6875,0.71875,           365P    880
0.71875,0.75,0.75,0.78125,0.78125,0.8125,0.8125,0.84375,             365P    881
0.84375,0.875,0.875,0.90625,0.90625,0.9375,0.9375,0.96875,           365P    882
0.96875,1.,1.,1.,1.,1.,1.,1.,1.,1.,1.,1.,1.,1.,1.,1.,1.,1.,1.,       365P    883
1.,1.,1.,1.,1.,1.,1.,1.,1.,1.,1.,1.,1.,1.,1.,1.,1.,1.,1.,1.,1.,      365P    884
1.,1.,1.,1.,1.,1.,1.,1.,1.,1.,1.,1.,1.,1.,1.,1.,1.,1.,1.,1.,1.,      365P    885
1.,1.,1.,1.,1.,1.,1.,1.,0.,0.765927918,0.,0.01830484,                365P    886
0.765927918,0.,0.036521537,0.764647402,0.,0.054738234,               365P    887
0.763366886,0.,0.072691351,0.760818187,0.,0.090644468,               365P    888
0.758269488,0.,0.108161108,0.754477151,0.,0.125677747,               365P    889
0.750684813,0.,0.142589214,0.74568536,0.,0.159500681,                365P    890
0.740685907,0.,0.175644108,0.734527485,0.,0.191787536,               365P    891
0.728369064,0.,0.207007454,0.721110983,0.,0.222227372,               365P    892
0.713852901,0.,0.236377204,0.70556506,0.,0.250527037,                365P    893
0.697277219,0.,0.263470513,0.688039434,0.,0.27641399,                365P    894
0.678801649,0.,0.288026457,0.668702885,0.,0.299638924,               365P    895
0.658604121,0.,0.309808548,0.647741635,0.,0.319978173,               365P    896
0.636879149,0.,0.328607014,0.625357553,0.,0.337235856,               365P    897
0.613835956,0.,0.344240815,0.601766208,0.,0.351245774,               365P    898
0.58969646,0.,0.356559388,0.5771948,0.,0.361873003,0.564693139,      365P    899
0.,0.3654441,0.551879963,0.,0.369015197,0.539066787,0.,              365P    900
0.370809385,0.526065494,0.,0.372603573,0.513064201,0.,               365P    901
0.372603573,0.5,0.,0.372603573,0.486935799,0.,0.370809385,           365P    902
0.473934506,0.,0.369015197,0.460933213,0.,0.3654441,                 365P    903
0.448120037,0.,0.361873003,0.435306861,0.,0.356559388,               365P    904
0.4228052,0.,0.351245774,0.41030354,0.,0.344240815,0.398233792,      365P    905
0.,0.337235856,0.386164044,0.,0.328607014,0.374642447,0.,            365P    906
0.319978173,0.363120851,0.,0.309808548,0.352258365,0.,               365P    907
0.299638924,0.341395879,0.,0.288026457,0.331297115,0.,               365P    908
0.27641399,0.321198351,0.,0.263470513,0.311960566,0.,                365P    909
0.250527037,0.302722781,0.,0.236377204,0.29443494,0.,                365P    910
0.222227372,0.286147099,0.,0.207007454,0.278889017,0.,               365P    911
0.191787536,0.271630936,0.,0.175644108,0.265472515,0.,               365P    912
0.159500681,0.259314093,0.,0.142589214,0.25431464,0.,                365P    913
0.125677747,0.249315187,0.,0.108161108,0.245522849,0.,               365P    914
0.090644468,0.241730512,0.,0.072691351,0.239181813,0.,               365P    915
0.054738234,0.236633114,0.,0.036521537,0.235352598,0.,               365P    916
0.01830484,0.234072082,0.,0.,0.234072082,0.,0.,1.,0.,0.,1.;          365P    917
126,3,3,1,0,0,0,0.,0.,0.,0.,1.,1.,1.,1.,1.,0.333333333333333,        367P    918
0.333333333333333,1.,0.,46.,23.401656746,-46.803313492,              367P    919
92.803313492,23.401656746,-46.803313492,92.803313492,                367P    920
-23.401656746,0.,46.,-23.401656746,0.,1.,0.707106781,                367P    921
0.707106781,0.;                                                      367P    922
102,6,345,349,353,357,361,365;                                       369P    923
102,6,347,351,355,359,363,367;                                       371P    924
142,1,343,369,371,1;                                                 373P    925
144,343,1,0,373;                                                     375P    926
128,1,1,1,1,0,0,1,0,0,0.,0.,1.,1.,0.,0.,1.,1.,1.,1.,1.,1.,           377P    927
89.564428505,135.564428505,-44.,0.,46.,-44.,89.564428505,            377P    928
135.564428505,44.,0.,46.,44.,0.,1.,0.,1.;                            377P    929
126,1,1,1,0,1,0,0.,0.,1.,1.,1.,1.,1.,0.,0.,1.,0.234072082,0.,        379P    930
0.,1.,0.,0.,1.;                                                      379P    931
110,0.,46.,-44.,0.,46.,-23.401656746;                                381P    932
126,64,2,1,0,1,0,0.,0.,0.,0.03125,0.03125,0.0625,0.0625,             383P    933
0.09375,0.09375,0.125,0.125,0.15625,0.15625,0.1875,0.1875,           383P    934
0.21875,0.21875,0.25,0.25,0.28125,0.28125,0.3125,0.3125,             383P    935
0.34375,0.34375,0.375,0.375,0.40625,0.40625,0.4375,0.4375,           383P    936
0.46875,0.46875,0.5,0.5,0.53125,0.53125,0.5625,0.5625,0.59375,       383P    937
0.59375,0.625,0.625,0.65625,0.65625,0.6875,0.6875,0.71875,           383P    938
0.71875,0.75,0.75,0.78125,0.78125,0.8125,0.8125,0.84375,             383P    939
0.84375,0.875,0.875,0.90625,0.90625,0.9375,0.9375,0.96875,           383P    940
0.96875,1.,1.,1.,1.,1.,1.,1.,1.,1.,1.,1.,1.,1.,1.,1.,1.,1.,1.,       383P    941
1.,1.,1.,1.,1.,1.,1.,1.,1.,1.,1.,1.,1.,1.,1.,1.,1.,1.,1.,1.,1.,      383P    942
1.,1.,1.,1.,1.,1.,1.,1.,1.,1.,1.,1.,1.,1.,1.,1.,1.,1.,1.,1.,1.,      383P    943
1.,1.,1.,1.,1.,1.,1.,1.,1.,0.234072082,0.,0.987163993,               383P    944
0.234072082,0.,0.974389794,0.235352598,0.,0.961615595,               383P    945
0.236633114,0.,0.949026228,0.239181813,0.,0.936436861,               383P    946
0.241730512,0.,0.924153568,0.245522849,0.,0.911870274,               383P    947
0.249315187,0.,0.90001135,0.25431464,0.,0.888152425,                 383P    948
0.259314093,0.,0.876832077,0.265472515,0.,0.865511729,               383P    949
0.271630936,0.,0.854838979,0.278889017,0.,0.844166229,               383P    950
0.286147099,0.,0.834243861,0.29443494,0.,0.824321493,                383P    951
0.302722781,0.,0.815245065,0.311960566,0.,0.806168637,               383P    952
0.321198351,0.,0.79802556,0.331297115,0.,0.789882483,                383P    953
0.341395879,0.,0.782751179,0.352258365,0.,0.775619876,               383P    954
0.363120851,0.,0.769569024,0.374642447,0.,0.763518172,               383P    955
0.386164044,0.,0.758606044,0.398233792,0.,0.753693917,               383P    956
0.41030354,0.,0.749967821,0.4228052,0.,0.746241724,0.435306861,      383P    957
0.,0.743737543,0.448120037,0.,0.741233363,0.460933213,0.,            383P    958
0.739975214,0.473934506,0.,0.738717065,0.486935799,0.,               383P    959
0.738717065,0.5,0.,0.738717065,0.513064201,0.,0.739975214,           383P    960
0.526065494,0.,0.741233363,0.539066787,0.,0.743737543,               383P    961
0.551879963,0.,0.746241724,0.564693139,0.,0.749967821,               383P    962
0.5771948,0.,0.753693917,0.58969646,0.,0.758606044,0.601766208,      383P    963
0.,0.763518172,0.613835956,0.,0.769569024,0.625357553,0.,            383P    964
0.775619876,0.636879149,0.,0.782751179,0.647741635,0.,               383P    965
0.789882483,0.658604121,0.,0.79802556,0.668702885,0.,                383P    966
0.806168637,0.678801649,0.,0.815245065,0.688039434,0.,               383P    967
0.824321493,0.697277219,0.,0.834243861,0.70556506,0.,                383P    968
0.844166229,0.713852901,0.,0.854838979,0.721110983,0.,               383P    969
0.865511729,0.728369064,0.,0.876832077,0.734527485,0.,               383P    970
0.888152425,0.740685907,0.,0.90001135,0.74568536,0.,                 383P    971
0.911870274,0.750684813,0.,0.924153568,0.754477151,0.,               383P    972
0.936436861,0.758269488,0.,0.949026228,0.760818187,0.,               383P    973
0.961615595,0.763366886,0.,0.974389794,0.764647402,0.,               383P    974
0.987163993,0.765927918,0.,1.,0.765927918,0.,0.,1.,0.,0.,1.;         383P    975
126,3,3,1,0,0,0,0.,0.,0.,0.,1.,1.,1.,1.,1.,0.333333333333333,        385P    976
0.333333333333333,1.,0.,46.,-23.401656746,46.803313492,              385P    977
92.803313492,-23.401656746,46.803313492,92.803313492,                385P    978
23.401656746,0.,46.,23.401656746,0.,1.,-0.707106781,                 385P    979
0.707106781,0.;                                                      385P    980
126,1,1,1,0,1,0,0.,0.,1.,1.,1.,1.,1.,0.765927918,0.,1.,1.,0.,        387P    981
0.,1.,0.,0.,1.;                                                      387P    982
110,0.,46.,23.401656746,0.,46.,44.;                                  389P    983
126,1,1,1,0,1,0,0.,0.,1.,1.,1.,1.,1.,1.,0.,0.315798043,1.,0.,        391P    984
0.,1.,0.,0.,1.;                                                      391P    985
110,0.,46.,44.,61.280157258,107.280157258,44.;                       393P    986
126,32,2,1,0,1,0,0.,0.,0.,0.0625,0.0625,0.125,0.125,0.1875,          395P    987
0.1875,0.25,0.25,0.3125,0.3125,0.375,0.375,0.4375,0.4375,0.5,        395P    988
0.5,0.5625,0.5625,0.625,0.625,0.6875,0.6875,0.75,0.75,0.8125,        395P    989
0.8125,0.875,0.875,0.9375,0.9375,1.,1.,1.,1.,1.,1.,1.,1.,1.,1.,      395P    990
1.,1.,1.,1.,1.,1.,1.,1.,1.,1.,1.,1.,1.,1.,1.,1.,1.,1.,1.,1.,1.,      395P    991
1.,1.,1.,1.,1.,0.315798043,1.,0.,0.30028388,1.,0.,0.284844422,       395P    992
0.997811239,0.,0.269404964,0.995622479,0.,0.254188901,               395P    993
0.991266037,0.,0.238972838,0.986909594,0.,0.22412671,                395P    994
0.980427425,0.,0.209280582,0.973945256,0.,0.194947364,               395P    995
0.965399788,0.,0.180614146,0.956854319,0.,0.166931876,               395P    996
0.946327847,0.,0.153249606,0.935801376,0.,0.140350051,               395P    997
0.923395278,0.,0.127450496,0.91098918,0.,0.115457885,                395P    998
0.896822933,0.,0.103465275,0.882656686,0.,0.092495105,               395P    999
0.866866719,0.,0.081524935,0.851076751,0.,0.071682855,               395P   1000
0.833815129,0.,0.061840774,0.816553507,0.,0.053221567,               395P   1001
0.79798647,0.,0.044602359,0.779419432,0.,0.037289034,                395P   1002
0.759725789,0.,0.029975708,0.740032147,0.,0.024038695,               395P   1003
0.71940156,0.,0.018101682,0.698770973,0.,0.013598158,                395P   1004
0.677402126,0.,0.009094634,0.656033279,0.,0.006067971,               395P   1005
0.634131965,0.,0.003041308,0.61223065,0.,0.001520654,                395P   1006
0.590007791,0.,0.,0.567784932,0.,0.,0.545454545,0.,0.,1.,0.,0.,      395P   1007
-1.;                                                                 395P   1008
124,9.15933995315754E-15,0.707106781186547,-0.707106781186548,       397P   1009
-11.7499423012834,8.99280649946377E-15,0.707106781186548,            397P   1010
0.707106781186547,28.593203449224,1.,-1.29340982368831E-14,          397P   1011
6.12323399573677E-17,-57.280157257527;                               397P   1012
100,4.,61.280157258,107.280157258,101.280157258,107.280157258,       399P   1013
61.280157258,147.280157258;                                          399P   1014
126,1,1,1,0,1,0,0.,0.,1.,1.,1.,1.,0.,0.545454545,0.,0.,              401P   1015
0.536871726,0.,0.,1.,0.,0.,1.;                                       401P   1016
110,89.564428505,135.564428505,4.,89.564428505,135.564428505,        403P   1017
3.244711899;                                                         403P   1018
126,1,1,1,0,1,0,0.,0.,1.,1.,1.,1.,0.,0.536871726,0.,                 405P   1019
0.184219652,0.536871726,0.,0.,1.,0.,0.,1.;                           405P   1020
110,89.564428505,135.564428505,3.244711899,73.064900645,             407P   1021
119.064900645,3.244711899;                                           407P   1022
126,64,2,1,0,1,0,0.,0.,0.,0.03125,0.03125,0.0625,0.0625,             409P   1023
0.09375,0.09375,0.125,0.125,0.15625,0.15625,0.1875,0.1875,           409P   1024
0.21875,0.21875,0.25,0.25,0.28125,0.28125,0.3125,0.3125,             409P   1025
0.34375,0.34375,0.375,0.375,0.40625,0.40625,0.4375,0.4375,           409P   1026
0.46875,0.46875,0.5,0.5,0.53125,0.53125,0.5625,0.5625,0.59375,       409P   1027
0.59375,0.625,0.625,0.65625,0.65625,0.6875,0.6875,0.71875,           409P   1028
0.71875,0.75,0.75,0.78125,0.78125,0.8125,0.8125,0.84375,             409P   1029
0.84375,0.875,0.875,0.90625,0.90625,0.9375,0.9375,0.96875,           409P   1030
0.96875,1.,1.,1.,1.,1.,1.,1.,1.,1.,1.,1.,1.,1.,1.,1.,1.,1.,1.,       409P   1031
1.,1.,1.,1.,1.,1.,1.,1.,1.,1.,1.,1.,1.,1.,1.,1.,1.,1.,1.,1.,1.,      409P   1032
1.,1.,1.,1.,1.,1.,1.,1.,1.,1.,1.,1.,1.,1.,1.,1.,1.,1.,1.,1.,1.,      409P   1033
1.,1.,1.,1.,1.,1.,1.,1.,0.184219652,0.536871726,0.,0.185359578,      409P   1034
0.549335905,0.,0.187307991,0.561590817,0.,0.189256405,               409P   1035
0.573845728,0.,0.191996073,0.585782973,0.,0.19473574,                409P   1036
0.597720218,0.,0.198242428,0.609234206,0.,0.201749116,               409P   1037
0.620748194,0.,0.205991806,0.631737079,0.,0.210234496,               409P   1038
0.642725965,0.,0.215175661,0.653092548,0.,0.220116825,               409P   1039
0.663459131,0.,0.225712757,0.673111714,0.,0.231308689,               409P   1040
0.682764297,0.,0.23750989,0.6916175,0.,0.243711092,0.700470702,      409P   1041
0.,0.250462711,0.708446215,0.,0.257214329,0.716421727,0.,            409P   1042
0.264456645,0.723449003,0.,0.271698961,0.730476278,0.,               409P   1043
0.279367912,0.736493158,0.,0.287036863,0.742510038,0.,               409P   1044
0.295064615,0.7474633,0.,0.303092367,0.752416563,0.,                 409P   1045
0.311407912,0.756262394,0.,0.319723456,0.760108226,0.,               409P   1046
0.328253239,0.762812608,0.,0.336783021,0.765516991,0.,               409P   1047
0.345451593,0.767056004,0.,0.354120164,0.768595016,0.,               409P   1048
0.362850848,0.768955046,0.,0.371581531,0.769315075,0.,               409P   1049
0.3802971,0.768492936,0.,0.38901267,0.767670798,0.,0.397636032,      409P   1050
0.765673764,0.,0.406259395,0.763676729,0.,0.414714273,               409P   1051
0.760522464,0.,0.423169152,0.757368198,0.,0.43138076,                409P   1052
0.753084602,0.,0.439592369,0.748801006,0.,0.447488072,               409P   1053
0.74342597,0.,0.455383775,0.738050934,0.,0.462893732,                409P   1054
0.731632001,0.,0.470403689,0.725213069,0.,0.477461472,               409P   1055
0.717807018,0.,0.484519255,0.710400967,0.,0.491062435,               409P   1056
0.702073308,0.,0.497605615,0.693745648,0.,0.503576315,               409P   1057
0.684570041,0.,0.509547015,0.675394434,0.,0.514892421,               409P   1058
0.665452041,0.,0.520237828,0.655509648,0.,0.52491066,                409P   1059
0.644888414,0.,0.529583491,0.634267179,0.,0.533542414,               409P   1060
0.623061053,0.,0.537501337,0.611854926,0.,0.540711334,               409P   1061
0.600163029,0.,0.54392133,0.588471132,0.,0.546354007,                409P   1062
0.576396885,0.,0.548786683,0.564322637,0.,0.550420521,               409P   1063
0.55197284,0.,0.552054359,0.539623044,0.,0.552874908,                409P   1064
0.527106936,0.,0.553695456,0.514590829,0.,0.553695456,               409P   1065
0.502019121,0.,0.,1.,0.,0.,1.;                                       409P   1066
124,0.701058716502842,-0.0922858386502889,0.707106781186548,         411P   1067
26.2590589821603,0.701058716502843,-0.092285838650289,               411P   1068
-0.707106781186547,72.5103401388023,0.130511884634214,               411P   1069
0.991446744898195,6.12323399573677E-17,-108.920529845249;            411P   1070
100,0.17768261,56.590020807,102.590020807,80.090020807,              413P   1071
102.590020807,33.291022302,105.657050096;                            413P   1072
126,64,2,1,0,1,0,0.,0.,0.,0.03125,0.03125,0.0625,0.0625,             415P   1073
0.09375,0.09375,0.125,0.125,0.15625,0.15625,0.1875,0.1875,           415P   1074
0.21875,0.21875,0.25,0.25,0.28125,0.28125,0.3125,0.3125,             415P   1075
0.34375,0.34375,0.375,0.375,0.40625,0.40625,0.4375,0.4375,           415P   1076
0.46875,0.46875,0.5,0.5,0.53125,0.53125,0.5625,0.5625,0.59375,       415P   1077
0.59375,0.625,0.625,0.65625,0.65625,0.6875,0.6875,0.71875,           415P   1078
0.71875,0.75,0.75,0.78125,0.78125,0.8125,0.8125,0.84375,             415P   1079
0.84375,0.875,0.875,0.90625,0.90625,0.9375,0.9375,0.96875,           415P   1080
0.96875,1.,1.,1.,1.,1.,1.,1.,1.,1.,1.,1.,1.,1.,1.,1.,1.,1.,1.,       415P   1081
1.,1.,1.,1.,1.,1.,1.,1.,1.,1.,1.,1.,1.,1.,1.,1.,1.,1.,1.,1.,1.,      415P   1082
1.,1.,1.,1.,1.,1.,1.,1.,1.,1.,1.,1.,1.,1.,1.,1.,1.,1.,1.,1.,1.,      415P   1083
1.,1.,1.,1.,1.,1.,1.,1.,0.553695456,0.502019121,0.,0.553695456,      415P   1084
0.489511261,0.,0.552883203,0.477058161,0.,0.55207095,                415P   1085
0.464605061,0.,0.550453557,0.452315759,0.,0.548836163,               415P   1086
0.440026457,0.,0.546427791,0.428008557,0.,0.544019419,               415P   1087
0.415990658,0.,0.540841155,0.404349389,0.,0.537662892,               415P   1088
0.392708121,0.,0.533742566,0.381545414,0.,0.52982224,                415P   1089
0.370382707,0.,0.525194177,0.359796302,0.,0.520566115,               415P   1090
0.349209897,0.,0.51527084,0.339292487,0.,0.509975564,                415P   1091
0.329375078,0.,0.504059441,0.320213501,0.,0.498143318,               415P   1092
0.311051924,0.,0.491658148,0.302726398,0.,0.485172978,               415P   1093
0.294400872,0.,0.478175545,0.286984294,0.,0.471178113,               415P   1094
0.279567717,0.,0.463729687,0.273125028,0.,0.456281261,               415P   1095
0.266682338,0.,0.44844706,0.261269949,0.,0.440612859,                415P   1096
0.25585756,0.,0.432461479,0.251522861,0.,0.424310098,                415P   1097
0.247188162,0.,0.415912912,0.243969109,0.,0.407515725,               415P   1098
0.240750055,0.,0.398946258,0.238674833,0.,0.390376791,               415P   1099
0.23659961,0.,0.381710077,0.235686389,0.,0.373043363,                415P   1100
0.234773168,0.,0.364355288,0.235029945,0.,0.355667213,               415P   1101
0.235286722,0.,0.347033849,0.236711248,0.,0.338400485,               415P   1102
0.238135774,0.,0.329897426,0.240715577,0.,0.321394366,               415P   1103
0.243295379,0.,0.313096064,0.24700787,0.,0.304797761,                415P   1104
0.25072036,0.,0.296776876,0.255533031,0.,0.28875599,                 415P   1105
0.260345703,0.,0.281082752,0.266216416,0.,0.273409513,               415P   1106
0.272087129,0.,0.266151108,0.27896448,0.,0.258892704,                415P   1107
0.285841831,0.,0.252112687,0.293665602,0.,0.245332671,               415P   1108
0.301489373,0.,0.239090408,0.31019106,0.,0.232848145,                415P   1109
0.318892746,0.,0.227198293,0.328396157,0.,0.221548441,               415P   1110
0.337899567,0.,0.216540469,0.34812149,0.,0.211532498,                415P   1111
0.358343412,0.,0.207210256,0.369194344,0.,0.202888015,               415P   1112
0.380045277,0.,0.199289349,0.391430208,0.,0.195690684,               415P   1113
0.402815139,0.,0.192847104,0.414634384,0.,0.190003523,               415P   1114
0.426453629,0.,0.187939927,0.438603697,0.,0.18587633,                415P   1115
0.450753766,0.,0.184610786,0.463128274,0.,0.,1.,0.,0.,1.;            415P   1116
124,-0.707106781186547,9.82547376793264E-15,0.707106781186548,       417P   1117
96.4795676887138,-0.707106781186548,9.65894031423886E-15,            417P   1118
-0.707106781186547,142.730848845356,-1.38222766565832E-14,-1.,       417P   1119
6.12323399573677E-17,102.767703416799;                               417P   1120
100,0.17768261,56.590020807,102.590020807,80.090020807,              419P   1121
102.590020807,33.340564559,106.012415316;                            419P   1122
126,1,1,1,0,1,0,0.,0.,1.,1.,1.,1.,0.184610786,0.463128274,0.,        421P   1123
0.,0.463128274,0.,0.,1.,0.,0.,1.;                                    421P   1124
110,73.029868979,119.029868979,-3.244711899,89.564428505,            423P   1125
135.564428505,-3.244711899;                                          423P   1126
126,1,1,1,0,1,0,0.,0.,1.,1.,1.,1.,0.,0.463128274,0.,0.,              425P   1127
0.454545455,0.,0.,1.,0.,0.,1.;                                       425P   1128
110,89.564428505,135.564428505,-3.244711899,89.564428505,            427P   1129
135.564428505,-4.;                                                   427P   1130
126,32,2,1,0,1,0,0.,0.,0.,0.0625,0.0625,0.125,0.125,0.1875,          429P   1131
0.1875,0.25,0.25,0.3125,0.3125,0.375,0.375,0.4375,0.4375,0.5,        429P   1132
0.5,0.5625,0.5625,0.625,0.625,0.6875,0.6875,0.75,0.75,0.8125,        429P   1133
0.8125,0.875,0.875,0.9375,0.9375,1.,1.,1.,1.,1.,1.,1.,1.,1.,1.,      429P   1134
1.,1.,1.,1.,1.,1.,1.,1.,1.,1.,1.,1.,1.,1.,1.,1.,1.,1.,1.,1.,1.,      429P   1135
1.,1.,1.,1.,1.,0.,0.454545455,0.,0.,0.432215068,0.,0.001520654,      429P   1136
0.409992209,0.,0.003041308,0.38776935,0.,0.006067971,                429P   1137
0.365868035,0.,0.009094634,0.343966721,0.,0.013598158,               429P   1138
0.322597874,0.,0.018101682,0.301229027,0.,0.024038695,               429P   1139
0.28059844,0.,0.029975708,0.259967853,0.,0.037289034,                429P   1140
0.240274211,0.,0.044602359,0.220580568,0.,0.053221567,               429P   1141
0.20201353,0.,0.061840774,0.183446493,0.,0.071682855,                429P   1142
0.166184871,0.,0.081524935,0.148923249,0.,0.092495105,               429P   1143
0.133133281,0.,0.103465275,0.117343314,0.,0.115457885,               429P   1144
0.103177067,0.,0.127450496,0.08901082,0.,0.140350051,                429P   1145
0.076604722,0.,0.153249606,0.064198624,0.,0.166931876,               429P   1146
0.053672153,0.,0.180614146,0.043145681,0.,0.194947364,               429P   1147
0.034600212,0.,0.209280582,0.026054744,0.,0.22412671,                429P   1148
0.019572575,0.,0.238972838,0.013090406,0.,0.254188901,               429P   1149
0.008733963,0.,0.269404964,0.004377521,0.,0.284844422,               429P   1150
0.002188761,0.,0.30028388,0.,0.,0.315798043,0.,0.,0.,1.,0.,0.,       429P   1151
-1.;                                                                 429P   1152
124,0.707106781186547,1.11022302462516E-16,-0.707106781186548,       431P   1153
15.1201153838059,0.707106781186548,2.77555756156289E-16,             431P   1154
0.707106781186547,66.7769696332982,2.22044604925031E-16,-1.,         431P   1155
6.12323399573677E-17,103.280157257528;                               431P   1156
100,-4.,61.280157258,107.280157258,101.280157258,107.280157258,      433P   1157
61.280157258,147.280157258;                                          433P   1158
126,1,1,1,0,1,0,0.,0.,1.,1.,1.,1.,0.315798043,0.,0.,1.,0.,0.,        435P   1159
0.,1.,0.,0.,1.;                                                      435P   1160
110,61.280157258,107.280157258,-44.,0.,46.,-44.;                     437P   1161
102,13,379,383,387,391,395,401,405,409,415,421,425,429,435;          439P   1162
102,13,381,385,389,393,399,403,407,413,419,423,427,433,437;          441P   1163
142,1,377,439,441,1;                                                 443P   1164
144,377,1,0,443;                                                     445P   1165
128,1,1,1,1,0,0,1,0,0,0.,0.,1.,1.,0.,0.,1.,1.,1.,1.,1.,1.,           447P   1166
88.857321724,136.271535286,3.244711899,89.564428505,                 447P   1167
135.564428505,3.244711899,88.857321724,136.271535286,4.,             447P   1168
89.564428505,135.564428505,4.,0.,1.,0.,1.;                           447P   1169
126,1,1,1,0,1,0,0.,0.,1.,1.,1.,1.,0.,0.,0.,1.,0.,0.,0.,1.,0.,        449P   1170
0.,1.;                                                               449P   1171
110,88.857321724,136.271535286,3.244711899,89.564428505,             451P   1172
135.564428505,3.244711899;                                           451P   1173
126,1,1,1,0,1,0,0.,0.,1.,1.,1.,1.,1.,0.,0.,1.,1.,0.,0.,1.,0.,        453P   1174
0.,1.;                                                               453P   1175
110,89.564428505,135.564428505,3.244711899,89.564428505,             455P   1176
135.564428505,4.;                                                    455P   1177
126,1,1,1,0,1,0,0.,0.,1.,1.,1.,1.,1.,1.,0.,0.,1.,0.,0.,1.,0.,        457P   1178
0.,1.;                                                               457P   1179
110,89.564428505,135.564428505,4.,88.857321724,136.271535286,        459P   1180
4.;                                                                  459P   1181
126,1,1,1,0,1,0,0.,0.,1.,1.,1.,1.,0.,1.,0.,0.,0.,0.,0.,1.,0.,        461P   1182
0.,1.;                                                               461P   1183
110,88.857321724,136.271535286,4.,88.857321724,136.271535286,        463P   1184
3.244711899;                                                         463P   1185
102,4,449,453,457,461;                                               465P   1186
102,4,451,455,459,463;                                               467P   1187
142,1,447,465,467,1;                                                 469P   1188
144,447,1,0,469;                                                     471P   1189
128,1,1,1,1,0,0,1,0,0,0.,0.,1.,1.,0.,0.,1.,1.,1.,1.,1.,1.,0.,        473P   1190
47.414213562,-44.,88.857321724,136.271535286,-44.,0.,                473P   1191
47.414213562,44.,88.857321724,136.271535286,44.,0.,1.,0.,1.;         473P   1192
126,1,1,1,0,1,0,0.,0.,1.,1.,1.,1.,1.,0.463128274,0.,                 475P   1193
0.813920123,0.463128274,0.,0.,1.,0.,0.,1.;                           475P   1194
110,88.857321724,136.271535286,-3.244711899,72.322762198,            477P   1195
119.73697576,-3.244711899;                                           477P   1196
126,64,2,1,0,1,0,0.,0.,0.,0.03125,0.03125,0.0625,0.0625,             479P   1197
0.09375,0.09375,0.125,0.125,0.15625,0.15625,0.1875,0.1875,           479P   1198
0.21875,0.21875,0.25,0.25,0.28125,0.28125,0.3125,0.3125,             479P   1199
0.34375,0.34375,0.375,0.375,0.40625,0.40625,0.4375,0.4375,           479P   1200
0.46875,0.46875,0.5,0.5,0.53125,0.53125,0.5625,0.5625,0.59375,       479P   1201
0.59375,0.625,0.625,0.65625,0.65625,0.6875,0.6875,0.71875,           479P   1202
0.71875,0.75,0.75,0.78125,0.78125,0.8125,0.8125,0.84375,             479P   1203
0.84375,0.875,0.875,0.90625,0.90625,0.9375,0.9375,0.96875,           479P   1204
0.96875,1.,1.,1.,1.,1.,1.,1.,1.,1.,1.,1.,1.,1.,1.,1.,1.,1.,1.,       479P   1205
1.,1.,1.,1.,1.,1.,1.,1.,1.,1.,1.,1.,1.,1.,1.,1.,1.,1.,1.,1.,1.,      479P   1206
1.,1.,1.,1.,1.,1.,1.,1.,1.,1.,1.,1.,1.,1.,1.,1.,1.,1.,1.,1.,1.,      479P   1207
1.,1.,1.,1.,1.,1.,1.,1.,0.813920123,0.463128274,0.,0.812644508,      479P   1208
0.450753766,0.,0.810564489,0.438603697,0.,0.808484471,               479P   1209
0.426453629,0.,0.805618262,0.414634384,0.,0.802752053,               479P   1210
0.402815139,0.,0.79912475,0.391430208,0.,0.795497447,                479P   1211
0.380045277,0.,0.79114081,0.369194344,0.,0.786784174,                479P   1212
0.358343412,0.,0.78173635,0.34812149,0.,0.776688526,                 479P   1213
0.337899567,0.,0.770993714,0.328396157,0.,0.765298901,               479P   1214
0.318892746,0.,0.759006964,0.31019106,0.,0.752715027,                479P   1215
0.301489373,0.,0.745881056,0.293665602,0.,0.739047086,               479P   1216
0.285841831,0.,0.73173092,0.27896448,0.,0.724414755,                 479P   1217
0.272087129,0.,0.716680455,0.266216416,0.,0.708946154,               479P   1218
0.260345703,0.,0.70086144,0.255533031,0.,0.692776726,                479P   1219
0.25072036,0.,0.684412387,0.24700787,0.,0.676048049,                 479P   1220
0.243295379,0.,0.667477324,0.240715577,0.,0.658906599,               479P   1221
0.238135774,0.,0.650204533,0.236711248,0.,0.641502466,               479P   1222
0.235286722,0.,0.632745254,0.235029945,0.,0.623988041,               479P   1223
0.234773168,0.,0.615252359,0.235686389,0.,0.606516677,               479P   1224
0.23659961,0.,0.597879016,0.238674833,0.,0.589241355,                479P   1225
0.240750055,0.,0.580777346,0.243969109,0.,0.572313337,               479P   1226
0.247188162,0.,0.564097089,0.251522861,0.,0.555880842,               479P   1227
0.25585756,0.,0.547984298,0.261269949,0.,0.540087754,                479P   1228
0.266682338,0.,0.532580055,0.273125028,0.,0.525072357,               479P   1229
0.279567717,0.,0.51801924,0.286984294,0.,0.510966124,                479P   1230
0.294400872,0.,0.504429346,0.302726398,0.,0.497892569,               479P   1231
0.311051924,0.,0.491929366,0.320213501,0.,0.485966164,               479P   1232
0.329375078,0.,0.48062875,0.339292487,0.,0.475291336,                479P   1233
0.349209897,0.,0.470626444,0.359796302,0.,0.465961553,               479P   1234
0.370382707,0.,0.46201003,0.381545414,0.,0.458058507,                479P   1235
0.392708121,0.,0.454854951,0.404349389,0.,0.451651396,               479P   1236
0.415990658,0.,0.449223858,0.428008557,0.,0.446796321,               479P   1237
0.440026457,0.,0.445166056,0.452315759,0.,0.443535792,               479P   1238
0.464605061,0.,0.442717076,0.477058161,0.,0.441898359,               479P   1239
0.489511261,0.,0.441898359,0.502019121,0.,0.,1.,0.,0.,1.;            479P   1240
124,0.699568007313136,-0.102978653826551,-0.707106781186548,         481P   1241
27.5520549394066,0.699568007313136,-0.102978653826551,               481P   1242
0.707106781186547,74.7149873451375,-0.145633808876433,               481P   1243
-0.989338563744557,6.12323399573677E-17,110.51195607752;             481P   1244
100,0.17768261,55.882914026,103.297127588,79.382914026,              483P   1245
103.297127588,32.633457778,106.719522097;                            483P   1246
126,64,2,1,0,1,0,0.,0.,0.,0.03125,0.03125,0.0625,0.0625,             485P   1247
0.09375,0.09375,0.125,0.125,0.15625,0.15625,0.1875,0.1875,           485P   1248
0.21875,0.21875,0.25,0.25,0.28125,0.28125,0.3125,0.3125,             485P   1249
0.34375,0.34375,0.375,0.375,0.40625,0.40625,0.4375,0.4375,           485P   1250
0.46875,0.46875,0.5,0.5,0.53125,0.53125,0.5625,0.5625,0.59375,       485P   1251
0.59375,0.625,0.625,0.65625,0.65625,0.6875,0.6875,0.71875,           485P   1252
0.71875,0.75,0.75,0.78125,0.78125,0.8125,0.8125,0.84375,             485P   1253
0.84375,0.875,0.875,0.90625,0.90625,0.9375,0.9375,0.96875,           485P   1254
0.96875,1.,1.,1.,1.,1.,1.,1.,1.,1.,1.,1.,1.,1.,1.,1.,1.,1.,1.,       485P   1255
1.,1.,1.,1.,1.,1.,1.,1.,1.,1.,1.,1.,1.,1.,1.,1.,1.,1.,1.,1.,1.,      485P   1256
1.,1.,1.,1.,1.,1.,1.,1.,1.,1.,1.,1.,1.,1.,1.,1.,1.,1.,1.,1.,1.,      485P   1257
1.,1.,1.,1.,1.,1.,1.,1.,0.441898359,0.502019121,0.,0.441898359,      485P   1258
0.514590829,0.,0.442725437,0.527106936,0.,0.443552515,               485P   1259
0.539623044,0.,0.445199355,0.55197284,0.,0.446846195,                485P   1260
0.564322637,0.,0.44929823,0.576396885,0.,0.451750265,                485P   1261
0.588471132,0.,0.454985806,0.600163029,0.,0.458221347,               485P   1262
0.611854926,0.,0.462211774,0.623061053,0.,0.466202201,               485P   1263
0.634267179,0.,0.470912218,0.644888414,0.,0.475622235,               485P   1264
0.655509648,0.,0.481010179,0.665452041,0.,0.486398124,               485P   1265
0.675394434,0.,0.492416337,0.684570041,0.,0.49843455,                485P   1266
0.693745648,0.,0.5050298,0.702073308,0.,0.511625049,                 485P   1267
0.710400967,0.,0.518738996,0.717807018,0.,0.525852943,               485P   1268
0.725213069,0.,0.533422663,0.731632001,0.,0.540992383,               485P   1269
0.738050934,0.,0.548950918,0.74342597,0.,0.556909453,                485P   1270
0.748801006,0.,0.565186408,0.753084602,0.,0.573463362,               485P   1271
0.757368198,0.,0.581985523,0.760522464,0.,0.590507684,               485P   1272
0.763676729,0.,0.599199669,0.765673764,0.,0.607891654,               485P   1273
0.767670798,0.,0.61667658,0.768492936,0.,0.625461506,                485P   1274
0.769315075,0.,0.634261666,0.768955046,0.,0.643061826,               485P   1275
0.768595016,0.,0.65179938,0.767056004,0.,0.660536934,                485P   1276
0.765516991,0.,0.669134595,0.762812608,0.,0.677732256,               485P   1277
0.760108226,0.,0.686113973,0.756262394,0.,0.694495691,               485P   1278
0.752416563,0.,0.702587326,0.7474633,0.,0.710678961,                 485P   1279
0.742510038,0.,0.71840894,0.736493158,0.,0.72613892,                 485P   1280
0.730476278,0.,0.733438868,0.723449003,0.,0.740738816,               485P   1281
0.716421727,0.,0.747544163,0.708446215,0.,0.75434951,                485P   1282
0.700470702,0.,0.760600059,0.6916175,0.,0.766850608,                 485P   1283
0.682764297,0.,0.772491071,0.673111714,0.,0.778131534,               485P   1284
0.663459131,0.,0.783112019,0.653092548,0.,0.788092504,               485P   1285
0.642725965,0.,0.792368957,0.631737079,0.,0.79664541,                485P   1286
0.620748194,0.,0.800180003,0.609234206,0.,0.803714596,               485P   1287
0.597720218,0.,0.806476065,0.585782973,0.,0.809237535,               485P   1288
0.573845728,0.,0.811201453,0.561590817,0.,0.813165372,               485P   1289
0.549335905,0.,0.814314369,0.536871726,0.,0.,1.,0.,0.,1.;            485P   1290
124,-0.707106781186547,9.88098491916389E-15,-0.707106781186548,      487P   1291
95.5237420641694,-0.707106781186548,9.76996261670138E-15,            487P   1292
0.707106781186547,142.6866744699,1.39332989590457E-14,1.,            487P   1293
6.12323399573677E-17,-103.119444978293;                              487P   1294
100,0.17768261,55.882914026,103.297127588,79.382914026,              489P   1295
103.297127588,32.583915521,106.364156877;                            489P   1296
126,1,1,1,0,1,0,0.,0.,1.,1.,1.,1.,0.814314369,0.536871726,0.,        491P   1297
1.,0.536871726,0.,0.,1.,0.,0.,1.;                                    491P   1298
110,72.357793864,119.772007426,3.244711899,88.857321724,             493P   1299
136.271535286,3.244711899;                                           493P   1300
126,1,1,1,0,1,0,0.,0.,1.,1.,1.,1.,1.,0.536871726,0.,1.,              495P   1301
0.545454545,0.,0.,1.,0.,0.,1.;                                       495P   1302
110,88.857321724,136.271535286,3.244711899,88.857321724,             497P   1303
136.271535286,4.;                                                    497P   1304
126,32,2,1,0,1,0,0.,0.,0.,0.0625,0.0625,0.125,0.125,0.1875,          499P   1305
0.1875,0.25,0.25,0.3125,0.3125,0.375,0.375,0.4375,0.4375,0.5,        499P   1306
0.5,0.5625,0.5625,0.625,0.625,0.6875,0.6875,0.75,0.75,0.8125,        499P   1307
0.8125,0.875,0.875,0.9375,0.9375,1.,1.,1.,1.,1.,1.,1.,1.,1.,1.,      499P   1308
1.,1.,1.,1.,1.,1.,1.,1.,1.,1.,1.,1.,1.,1.,1.,1.,1.,1.,1.,1.,1.,      499P   1309
1.,1.,1.,1.,1.,1.,0.545454545,0.,1.,0.567784932,0.,0.998467245,      499P   1310
0.590007791,0.,0.99693449,0.61223065,0.,0.993883742,                 499P   1311
0.634131965,0.,0.990832993,0.656033279,0.,0.986293631,               499P   1312
0.677402126,0.,0.981754269,0.698770973,0.,0.975770011,               499P   1313
0.71940156,0.,0.969785752,0.740032147,0.,0.962414229,                499P   1314
0.759725789,0.,0.955042705,0.779419432,0.,0.946354908,               499P   1315
0.79798647,0.,0.937667111,0.816553507,0.,0.927746709,                499P   1316
0.833815129,0.,0.917826307,0.851076751,0.,0.906768839,               499P   1317
0.866866719,0.,0.895711371,0.882656686,0.,0.883623326,               499P   1318
0.896822933,0.,0.871535282,0.91098918,0.,0.858533075,                499P   1319
0.923395278,0.,0.845530868,0.935801376,0.,0.831739717,               499P   1320
0.946327847,0.,0.817948567,0.956854319,0.,0.803501288,               499P   1321
0.965399788,0.,0.78905401,0.973945256,0.,0.77408974,                 499P   1322
0.980427425,0.,0.759125469,0.986909594,0.,0.74378832,                499P   1323
0.991266037,0.,0.728451171,0.995622479,0.,0.71288885,                499P   1324
0.997811239,0.,0.697326528,1.,0.,0.681688906,1.,0.,0.,1.,0.,0.,      499P   1325
-1.;                                                                 499P   1326
124,0.707106781186547,-2.22044604925031E-16,0.707106781186548,       501P   1327
14.9130086026193,0.707106781186548,-1.11022302462516E-16,            501P   1328
-0.707106781186547,67.9840764144848,2.22044604925031E-16,1.,         501P   1329
6.12323399573677E-17,-103.987264038715;                              501P   1330
100,4.,60.573050476,107.987264039,100.573050476,107.987264039,       503P   1331
60.573050476,147.987264039;                                          503P   1332
126,1,1,1,0,1,0,0.,0.,1.,1.,1.,1.,0.681688906,1.,0.,0.,1.,0.,        505P   1333
0.,1.,0.,0.,1.;                                                      505P   1334
110,60.573050476,107.987264039,44.,0.,47.414213562,44.;              507P   1335
126,1,1,1,0,1,0,0.,0.,1.,1.,1.,1.,0.,1.,0.,0.,0.765927918,0.,        509P   1336
0.,1.,0.,0.,1.;                                                      509P   1337
110,0.,47.414213562,44.,0.,47.414213562,23.401656746;                511P   1338
126,64,2,1,0,1,0,0.,0.,0.,0.03125,0.03125,0.0625,0.0625,             513P   1339
0.09375,0.09375,0.125,0.125,0.15625,0.15625,0.1875,0.1875,           513P   1340
0.21875,0.21875,0.25,0.25,0.28125,0.28125,0.3125,0.3125,             513P   1341
0.34375,0.34375,0.375,0.375,0.40625,0.40625,0.4375,0.4375,           513P   1342
0.46875,0.46875,0.5,0.5,0.53125,0.53125,0.5625,0.5625,0.59375,       513P   1343
0.59375,0.625,0.625,0.65625,0.65625,0.6875,0.6875,0.71875,           513P   1344
0.71875,0.75,0.75,0.78125,0.78125,0.8125,0.8125,0.84375,             513P   1345
0.84375,0.875,0.875,0.90625,0.90625,0.9375,0.9375,0.96875,           513P   1346
0.96875,1.,1.,1.,1.,1.,1.,1.,1.,1.,1.,1.,1.,1.,1.,1.,1.,1.,1.,       513P   1347
1.,1.,1.,1.,1.,1.,1.,1.,1.,1.,1.,1.,1.,1.,1.,1.,1.,1.,1.,1.,1.,      513P   1348
1.,1.,1.,1.,1.,1.,1.,1.,1.,1.,1.,1.,1.,1.,1.,1.,1.,1.,1.,1.,1.,      513P   1349
1.,1.,1.,1.,1.,1.,1.,1.,0.,0.765927918,0.,0.012938154,               513P   1350
0.765927918,0.,0.025814006,0.764647402,0.,0.038689859,               513P   1351
0.763366886,0.,0.05137941,0.760818187,0.,0.06406896,                 513P   1352
0.758269488,0.,0.076450001,0.754477151,0.,0.088831042,               513P   1353
0.750684813,0.,0.100784338,0.74568536,0.,0.112737633,                513P   1354
0.740685907,0.,0.124148066,0.734527485,0.,0.135558499,               513P   1355
0.728369064,0.,0.14631618,0.721110983,0.,0.157073862,                513P   1356
0.713852901,0.,0.16707519,0.70556506,0.,0.177076518,                 513P   1357
0.697277219,0.,0.186225174,0.688039434,0.,0.19537383,                513P   1358
0.678801649,0.,0.203581708,0.668702885,0.,0.211789585,               513P   1359
0.658604121,0.,0.218977638,0.647741635,0.,0.226165691,               513P   1360
0.636879149,0.,0.232264695,0.625357553,0.,0.238363698,               513P   1361
0.613835956,0.,0.243314915,0.601766208,0.,0.248266132,               513P   1362
0.58969646,0.,0.25202188,0.5771948,0.,0.255777628,0.564693139,       513P   1363
0.,0.258301736,0.551879963,0.,0.260825845,0.539066787,0.,            513P   1364
0.262094006,0.526065494,0.,0.263362166,0.513064201,0.,               513P   1365
0.263362166,0.5,0.,0.263362166,0.486935799,0.,0.262094006,           513P   1366
0.473934506,0.,0.260825845,0.460933213,0.,0.258301736,               513P   1367
0.448120037,0.,0.255777628,0.435306861,0.,0.25202188,0.4228052,      513P   1368
0.,0.248266132,0.41030354,0.,0.243314915,0.398233792,0.,             513P   1369
0.238363698,0.386164044,0.,0.232264695,0.374642447,0.,               513P   1370
0.226165691,0.363120851,0.,0.218977638,0.352258365,0.,               513P   1371
0.211789585,0.341395879,0.,0.203581708,0.331297115,0.,               513P   1372
0.19537383,0.321198351,0.,0.186225174,0.311960566,0.,                513P   1373
0.177076518,0.302722781,0.,0.16707519,0.29443494,0.,                 513P   1374
0.157073862,0.286147099,0.,0.14631618,0.278889017,0.,                513P   1375
0.135558499,0.271630936,0.,0.124148066,0.265472515,0.,               513P   1376
0.112737633,0.259314093,0.,0.100784338,0.25431464,0.,                513P   1377
0.088831042,0.249315187,0.,0.076450001,0.245522849,0.,               513P   1378
0.06406896,0.241730512,0.,0.05137941,0.239181813,0.,                 513P   1379
0.038689859,0.236633114,0.,0.025814006,0.235352598,0.,               513P   1380
0.012938154,0.234072082,0.,0.,0.234072082,0.,0.,1.,0.,0.,1.;         513P   1381
126,3,3,1,0,0,0,0.,0.,0.,0.,1.,1.,1.,1.,1.,0.333333333333331,        515P   1382
0.333333333333331,1.,0.,47.414213562,23.401656746,46.803313492,      515P   1383
94.217527055,23.401656746,46.803313492,94.217527055,                 515P   1384
-23.401656746,0.,47.414213562,-23.401656746,0.,1.,0.707106781,       515P   1385
-0.707106781,0.;                                                     515P   1386
126,1,1,1,0,1,0,0.,0.,1.,1.,1.,1.,0.,0.234072082,0.,0.,0.,0.,        517P   1387
0.,1.,0.,0.,1.;                                                      517P   1388
110,0.,47.414213562,-23.401656746,0.,47.414213562,-44.;              519P   1389
126,1,1,1,0,1,0,0.,0.,1.,1.,1.,1.,0.,0.,0.,0.681688906,0.,0.,        521P   1390
0.,1.,0.,0.,1.;                                                      521P   1391
110,0.,47.414213562,-44.,60.573050476,107.987264039,-44.;            523P   1392
126,32,2,1,0,1,0,0.,0.,0.,0.0625,0.0625,0.125,0.125,0.1875,          525P   1393
0.1875,0.25,0.25,0.3125,0.3125,0.375,0.375,0.4375,0.4375,0.5,        525P   1394
0.5,0.5625,0.5625,0.625,0.625,0.6875,0.6875,0.75,0.75,0.8125,        525P   1395
0.8125,0.875,0.875,0.9375,0.9375,1.,1.,1.,1.,1.,1.,1.,1.,1.,1.,      525P   1396
1.,1.,1.,1.,1.,1.,1.,1.,1.,1.,1.,1.,1.,1.,1.,1.,1.,1.,1.,1.,1.,      525P   1397
1.,1.,1.,1.,1.,0.681688906,0.,0.,0.697326528,0.,0.,0.71288885,       525P   1398
0.002188761,0.,0.728451171,0.004377521,0.,0.74378832,                525P   1399
0.008733963,0.,0.759125469,0.013090406,0.,0.77408974,                525P   1400
0.019572575,0.,0.78905401,0.026054744,0.,0.803501288,                525P   1401
0.034600212,0.,0.817948567,0.043145681,0.,0.831739717,               525P   1402
0.053672153,0.,0.845530868,0.064198624,0.,0.858533075,               525P   1403
0.076604722,0.,0.871535282,0.08901082,0.,0.883623326,                525P   1404
0.103177067,0.,0.895711371,0.117343314,0.,0.906768839,               525P   1405
0.133133281,0.,0.917826307,0.148923249,0.,0.927746709,               525P   1406
0.166184871,0.,0.937667111,0.183446493,0.,0.946354908,               525P   1407
0.20201353,0.,0.955042705,0.220580568,0.,0.962414229,                525P   1408
0.240274211,0.,0.969785752,0.259967853,0.,0.975770011,               525P   1409
0.28059844,0.,0.981754269,0.301229027,0.,0.986293631,                525P   1410
0.322597874,0.,0.990832993,0.343966721,0.,0.993883742,               525P   1411
0.365868035,0.,0.99693449,0.38776935,0.,0.998467245,                 525P   1412
0.409992209,0.,1.,0.432215068,0.,1.,0.454545455,0.,0.,1.,0.,0.,      525P   1413
-1.;                                                                 525P   1414
124,9.82547376793264E-15,0.707106781186547,0.707106781186548,        527P   1415
-12.9570490824701,9.71445146547012E-15,0.707106781186548,            527P   1416
-0.707106781186547,28.8003102304106,-1.,1.38222766565832E-14,        527P   1417
6.12323399573677E-17,56.5730504763403;                               527P   1418
100,-4.,60.573050476,107.987264039,100.573050476,107.987264039,      529P   1419
60.573050476,147.987264039;                                          529P   1420
126,1,1,1,0,1,0,0.,0.,1.,1.,1.,1.,1.,0.454545455,0.,1.,              531P   1421
0.463128274,0.,0.,1.,0.,0.,1.;                                       531P   1422
110,88.857321724,136.271535286,-4.,88.857321724,136.271535286,       533P   1423
-3.244711899;                                                        533P   1424
102,13,475,479,485,491,495,499,505,509,513,517,521,525,531;          535P   1425
102,13,477,483,489,493,497,503,507,511,515,519,523,529,533;          537P   1426
142,1,473,535,537,1;                                                 539P   1427
144,473,1,0,539;                                                     541P   1428
128,1,1,1,1,0,0,1,0,0,0.,0.,1.,1.,0.,0.,1.,1.,1.,1.,1.,1.,           543P   1429
-62.098669751,109.512883313,-44.,0.,47.414213562,-44.,               543P   1430
-62.098669751,109.512883313,44.,0.,47.414213562,44.,0.,1.,0.,        543P   1431
1.;                                                                  543P   1432
126,1,1,1,0,1,0,0.,0.,1.,1.,1.,1.,1.,0.765927918,0.,1.,1.,0.,        545P   1433
0.,1.,0.,0.,1.;                                                      545P   1434
110,0.,47.414213562,23.401656746,0.,47.414213562,44.;                547P   1435
126,1,1,1,0,1,0,0.,0.,1.,1.,1.,1.,1.,1.,0.,0.,1.,0.,0.,1.,0.,        549P   1436
0.,1.;                                                               549P   1437
110,0.,47.414213562,44.,-62.098669751,109.512883313,44.;             551P   1438
126,1,1,1,0,1,0,0.,0.,1.,1.,1.,1.,0.,1.,0.,0.,0.,0.,0.,1.,0.,        553P   1439
0.,1.;                                                               553P   1440
110,-62.098669751,109.512883313,44.,-62.098669751,                   555P   1441
109.512883313,-44.;                                                  555P   1442
126,1,1,1,0,1,0,0.,0.,1.,1.,1.,1.,0.,0.,0.,1.,0.,0.,0.,1.,0.,        557P   1443
0.,1.;                                                               557P   1444
110,-62.098669751,109.512883313,-44.,0.,47.414213562,-44.;           559P   1445
126,1,1,1,0,1,0,0.,0.,1.,1.,1.,1.,1.,0.,0.,1.,0.234072082,0.,        561P   1446
0.,1.,0.,0.,1.;                                                      561P   1447
110,0.,47.414213562,-44.,0.,47.414213562,-23.401656746;              563P   1448
126,64,2,1,0,1,0,0.,0.,0.,0.03125,0.03125,0.0625,0.0625,             565P   1449
0.09375,0.09375,0.125,0.125,0.15625,0.15625,0.1875,0.1875,           565P   1450
0.21875,0.21875,0.25,0.25,0.28125,0.28125,0.3125,0.3125,             565P   1451
0.34375,0.34375,0.375,0.375,0.40625,0.40625,0.4375,0.4375,           565P   1452
0.46875,0.46875,0.5,0.5,0.53125,0.53125,0.5625,0.5625,0.59375,       565P   1453
0.59375,0.625,0.625,0.65625,0.65625,0.6875,0.6875,0.71875,           565P   1454
0.71875,0.75,0.75,0.78125,0.78125,0.8125,0.8125,0.84375,             565P   1455
0.84375,0.875,0.875,0.90625,0.90625,0.9375,0.9375,0.96875,           565P   1456
0.96875,1.,1.,1.,1.,1.,1.,1.,1.,1.,1.,1.,1.,1.,1.,1.,1.,1.,1.,       565P   1457
1.,1.,1.,1.,1.,1.,1.,1.,1.,1.,1.,1.,1.,1.,1.,1.,1.,1.,1.,1.,1.,      565P   1458
1.,1.,1.,1.,1.,1.,1.,1.,1.,1.,1.,1.,1.,1.,1.,1.,1.,1.,1.,1.,1.,      565P   1459
1.,1.,1.,1.,1.,1.,1.,1.,1.,0.234072082,0.,0.981486726,               565P   1460
0.234072082,0.,0.963062599,0.235352598,0.,0.944638472,               565P   1461
0.236633114,0.,0.926480925,0.239181813,0.,0.908323379,               565P   1462
0.241730512,0.,0.89060728,0.245522849,0.,0.872891182,                565P   1463
0.249315187,0.,0.855787147,0.25431464,0.,0.838683112,                565P   1464
0.259314093,0.,0.822355863,0.265472515,0.,0.806028613,               565P   1465
0.271630936,0.,0.790635388,0.278889017,0.,0.775242164,               565P   1466
0.286147099,0.,0.760931209,0.29443494,0.,0.746620255,                565P   1467
0.302722781,0.,0.733529394,0.311960566,0.,0.720438532,               565P   1468
0.321198351,0.,0.708693836,0.331297115,0.,0.696949139,               565P   1469
0.341395879,0.,0.686663715,0.352258365,0.,0.676378292,               565P   1470
0.363120851,0.,0.667651195,0.374642447,0.,0.658924098,               565P   1471
0.386164044,0.,0.651839375,0.398233792,0.,0.644754651,               565P   1472
0.41030354,0.,0.639380532,0.4228052,0.,0.634006412,0.435306861,      565P   1473
0.,0.630394652,0.448120037,0.,0.626782891,0.460933213,0.,            565P   1474
0.624968273,0.473934506,0.,0.623153655,0.486935799,0.,               565P   1475
0.623153655,0.5,0.,0.623153655,0.513064201,0.,0.624968273,           565P   1476
0.526065494,0.,0.626782891,0.539066787,0.,0.630394652,               565P   1477
0.551879963,0.,0.634006412,0.564693139,0.,0.639380532,               565P   1478
0.5771948,0.,0.644754651,0.58969646,0.,0.651839375,0.601766208,      565P   1479
0.,0.658924098,0.613835956,0.,0.667651195,0.625357553,0.,            565P   1480
0.676378292,0.636879149,0.,0.686663715,0.647741635,0.,               565P   1481
0.696949139,0.658604121,0.,0.708693836,0.668702885,0.,               565P   1482
0.720438532,0.678801649,0.,0.733529394,0.688039434,0.,               565P   1483
0.746620255,0.697277219,0.,0.760931209,0.70556506,0.,                565P   1484
0.775242164,0.713852901,0.,0.790635388,0.721110983,0.,               565P   1485
0.806028613,0.728369064,0.,0.822355863,0.734527485,0.,               565P   1486
0.838683112,0.740685907,0.,0.855787147,0.74568536,0.,                565P   1487
0.872891182,0.750684813,0.,0.89060728,0.754477151,0.,                565P   1488
0.908323379,0.758269488,0.,0.926480925,0.760818187,0.,               565P   1489
0.944638472,0.763366886,0.,0.963062599,0.764647402,0.,               565P   1490
0.981486726,0.765927918,0.,1.,0.765927918,0.,0.,1.,0.,0.,1.;         565P   1491
126,3,3,1,0,0,0,0.,0.,0.,0.,1.,1.,1.,1.,1.,0.333333333333336,        567P   1492
0.333333333333336,1.,0.,47.414213562,-23.401656746,                  567P   1493
-46.803313492,94.217527055,-23.401656746,-46.803313492,              567P   1494
94.217527055,23.401656746,0.,47.414213562,23.401656746,0.,1.,        567P   1495
-0.707106781,-0.707106781,0.;                                        567P   1496
102,6,545,549,553,557,561,565;                                       569P   1497
102,6,547,551,555,559,563,567;                                       571P   1498
142,1,543,569,571,1;                                                 573P   1499
144,543,1,0,573;                                                     575P   1500
128,1,1,1,1,0,0,1,0,0,0.,0.,1.,1.,0.,0.,1.,1.,1.,1.,1.,1.,           577P   1501
61.280157258,46.,44.,-62.805776532,46.,44.,61.280157258,             577P   1502
109.512883313,44.,-62.805776532,109.512883313,44.,0.,1.,0.,1.;       577P   1503
126,1,1,1,0,1,0,0.,0.,1.,1.,1.,1.,0.49385257,0.,0.,1.,               579P   1504
0.988866719,0.,0.,1.,0.,0.,1.;                                       579P   1505
110,0.,46.,44.,-62.805776532,108.805776532,44.;                      581P   1506
126,1,1,1,0,1,0,0.,0.,1.,1.,1.,1.,1.,0.988866719,0.,                 583P   1507
0.994301475,1.,0.,0.,1.,0.,0.,1.;                                    583P   1508
110,-62.805776532,108.805776532,44.,-62.098669751,                   585P   1509
109.512883313,44.;                                                   585P   1510
126,1,1,1,0,1,0,0.,0.,1.,1.,1.,1.,0.994301475,1.,0.,0.49385257,      587P   1511
0.022266562,0.,0.,1.,0.,0.,1.;                                       587P   1512
110,-62.098669751,109.512883313,44.,0.,47.414213562,44.;             589P   1513
126,1,1,1,0,1,0,0.,0.,1.,1.,1.,1.,0.49385257,0.022266562,0.,         591P   1514
0.005698525,0.975979373,0.,0.,1.,0.,0.,1.;                           591P   1515
110,0.,47.414213562,44.,60.573050476,107.987264039,44.;              593P   1516
126,1,1,1,0,1,0,0.,0.,1.,1.,1.,1.,0.005698525,0.975979373,0.,        595P   1517
0.,0.964846092,0.,0.,1.,0.,0.,1.;                                    595P   1518
110,60.573050476,107.987264039,44.,61.280157258,107.280157258,       597P   1519
44.;                                                                 597P   1520
126,1,1,1,0,1,0,0.,0.,1.,1.,1.,1.,0.,0.964846092,0.,0.49385257,      599P   1521
0.,0.,0.,1.,0.,0.,1.;                                                599P   1522
110,61.280157258,107.280157258,44.,0.,46.,44.;                       601P   1523
102,6,579,583,587,591,595,599;                                       603P   1524
102,6,581,585,589,593,597,601;                                       605P   1525
142,1,577,603,605,1;                                                 607P   1526
144,577,1,0,607;                                                     609P   1527
128,1,1,1,1,0,0,1,0,0,0.,0.,1.,1.,0.,0.,1.,1.,1.,1.,1.,1.,           611P   1528
61.280157258,46.,-44.,-62.805776532,46.,-44.,61.280157258,           611P   1529
109.512883313,-44.,-62.805776532,109.512883313,-44.,0.,1.,0.,        611P   1530
1.;                                                                  611P   1531
126,1,1,1,0,1,0,0.,0.,1.,1.,1.,1.,0.49385257,0.022266562,0.,         613P   1532
0.005698525,0.975979373,0.,0.,1.,0.,0.,1.;                           613P   1533
110,0.,47.414213562,-44.,60.573050476,107.987264039,-44.;            615P   1534
126,1,1,1,0,1,0,0.,0.,1.,1.,1.,1.,0.005698525,0.975979373,0.,        617P   1535
0.,0.964846092,0.,0.,1.,0.,0.,1.;                                    617P   1536
110,60.573050476,107.987264039,-44.,61.280157258,107.280157258,      619P   1537
-44.;                                                                619P   1538
126,1,1,1,0,1,0,0.,0.,1.,1.,1.,1.,0.,0.964846092,0.,0.49385257,      621P   1539
0.,0.,0.,1.,0.,0.,1.;                                                621P   1540
110,61.280157258,107.280157258,-44.,0.,46.,-44.;                     623P   1541
126,1,1,1,0,1,0,0.,0.,1.,1.,1.,1.,0.49385257,0.,0.,1.,               625P   1542
0.988866719,0.,0.,1.,0.,0.,1.;                                       625P   1543
110,0.,46.,-44.,-62.805776532,108.805776532,-44.;                    627P   1544
126,1,1,1,0,1,0,0.,0.,1.,1.,1.,1.,1.,0.988866719,0.,                 629P   1545
0.994301475,1.,0.,0.,1.,0.,0.,1.;                                    629P   1546
110,-62.805776532,108.805776532,-44.,-62.098669751,                  631P   1547
109.512883313,-44.;                                                  631P   1548
126,1,1,1,0,1,0,0.,0.,1.,1.,1.,1.,0.994301475,1.,0.,0.49385257,      633P   1549
0.022266562,0.,0.,1.,0.,0.,1.;                                       633P   1550
110,-62.098669751,109.512883313,-44.,0.,47.414213562,-44.;           635P   1551
102,6,613,617,621,625,629,633;                                       637P   1552
102,6,615,619,623,627,631,635;                                       639P   1553
142,1,611,637,639,1;                                                 641P   1554
144,611,1,0,641;                                                     643P   1555
110,0.,95.,0.,0.,-905.,0.;                                           645P   1556
110,0.,70.96476553,-23.401656746,0.,45.851104778,-23.401656746;      647P   1557
120,645,647,0.,6.28318530717959;                                     649P   1558
126,44,2,1,0,1,0,0.,0.,0.,0.03125,0.03125,0.0625,0.0625,             651P   1559
0.09375,0.09375,0.125,0.125,0.15625,0.15625,0.1875,0.1875,0.25,      651P   1560
0.25,0.3125,0.3125,0.375,0.375,0.4375,0.4375,0.5,0.5,0.5625,         651P   1561
0.5625,0.625,0.625,0.6875,0.6875,0.75,0.75,0.8125,0.8125,            651P   1562
0.84375,0.84375,0.875,0.875,0.90625,0.90625,0.9375,0.9375,           651P   1563
0.96875,0.96875,1.,1.,1.,1.,1.,1.,1.,1.,1.,1.,1.,1.,1.,1.,1.,        651P   1564
1.,1.,1.,1.,1.,1.,1.,1.,1.,1.,1.,1.,1.,1.,1.,1.,1.,1.,1.,1.,1.,      651P   1565
1.,1.,1.,1.,1.,1.,1.,1.,1.,1.,1.,1.,0.994071146,3.141592654,0.,      651P   1566
0.933092831,3.076153324,0.,0.902735857,3.043417883,0.,               651P   1567
0.852192964,2.988914958,0.,0.812280176,2.945243113,0.,               651P   1568
0.764487006,2.892948696,0.,0.723575242,2.847068342,0.,               651P   1569
0.677801758,2.795735829,0.,0.637475331,2.748893572,0.,               651P   1570
0.593753861,2.69810771,0.,0.554809633,2.650718801,0.,                651P   1571
0.513368171,2.600291159,0.,0.476374263,2.552544031,0.,               651P   1572
0.397274554,2.450451981,0.,0.335167996,2.35619449,0.,                651P   1573
0.268741919,2.255381379,0.,0.219283008,2.159844949,0.,               651P   1574
0.167568645,2.059951817,0.,0.133172693,1.963495408,0.,               651P   1575
0.097816226,1.864345431,0.,0.080146223,1.767145868,0.,               651P   1576
0.062241375,1.668654464,0.,0.062241375,1.570796327,0.,               651P   1577
0.062241375,1.472938189,0.,0.080146223,1.374446786,0.,               651P   1578
0.097816226,1.277247223,0.,0.133172693,1.178097245,0.,               651P   1579
0.167568645,1.081640836,0.,0.219283008,0.981747704,0.,               651P   1580
0.268741919,0.886211275,0.,0.335167996,0.785398163,0.,               651P   1581
0.397274554,0.691140672,0.,0.476374263,0.589048623,0.,               651P   1582
0.513368171,0.541301495,0.,0.554809633,0.490873852,0.,               651P   1583
0.593753861,0.443484943,0.,0.637475331,0.392699082,0.,               651P   1584
0.677801758,0.345856824,0.,0.723575242,0.294524311,0.,               651P   1585
0.764487006,0.248643957,0.,0.812280176,0.196349541,0.,               651P   1586
0.852192964,0.152677696,0.,0.902735857,0.09817477,0.,                651P   1587
0.933092831,0.06543933,0.,0.994071146,0.,0.,0.,1.,0.,0.,1.;          651P   1588
126,3,3,1,0,0,0,0.,0.,0.,0.,1.,1.,1.,1.,1.,0.333333333333333,        653P   1589
0.333333333333333,1.,0.,46.,23.401656746,46.803313492,               653P   1590
92.803313492,23.401656746,46.803313492,92.803313492,                 653P   1591
-23.401656746,0.,46.,-23.401656746,0.,1.,0.707106781,                653P   1592
-0.707106781,0.;                                                     653P   1593
126,1,1,1,0,1,0,0.,0.,1.,1.,1.,1.,0.994071146,0.,0.,                 655P   1594
0.937758625,0.,0.,0.,1.,0.,0.,1.;                                    655P   1595
110,0.,46.,-23.401656746,0.,47.414213562,-23.401656746;              657P   1596
126,44,2,1,0,1,0,0.,0.,0.,0.03125,0.03125,0.0625,0.0625,             659P   1597
0.09375,0.09375,0.125,0.125,0.15625,0.15625,0.1875,0.1875,0.25,      659P   1598
0.25,0.3125,0.3125,0.375,0.375,0.4375,0.4375,0.5,0.5,0.5625,         659P   1599
0.5625,0.625,0.625,0.6875,0.6875,0.75,0.75,0.8125,0.8125,            659P   1600
0.84375,0.84375,0.875,0.875,0.90625,0.90625,0.9375,0.9375,           659P   1601
0.96875,0.96875,1.,1.,1.,1.,1.,1.,1.,1.,1.,1.,1.,1.,1.,1.,1.,        659P   1602
1.,1.,1.,1.,1.,1.,1.,1.,1.,1.,1.,1.,1.,1.,1.,1.,1.,1.,1.,1.,1.,      659P   1603
1.,1.,1.,1.,1.,1.,1.,1.,1.,1.,1.,1.,0.937758625,0.,0.,               659P   1604
0.876780309,0.06543933,0.,0.846423335,0.09817477,0.,                 659P   1605
0.795880442,0.152677696,0.,0.755967655,0.196349541,0.,               659P   1606
0.708174484,0.248643957,0.,0.66726272,0.294524311,0.,                659P   1607
0.621489237,0.345856824,0.,0.58116281,0.392699082,0.,                659P   1608
0.53744134,0.443484943,0.,0.498497111,0.490873852,0.,                659P   1609
0.45705565,0.541301495,0.,0.420061742,0.589048623,0.,                659P   1610
0.340962032,0.691140672,0.,0.278855475,0.785398163,0.,               659P   1611
0.212429398,0.886211275,0.,0.162970486,0.981747704,0.,               659P   1612
0.111256123,1.081640836,0.,0.076860172,1.178097245,0.,               659P   1613
0.041503704,1.277247223,0.,0.023833702,1.374446786,0.,               659P   1614
0.005928854,1.472938189,0.,0.005928854,1.570796327,0.,               659P   1615
0.005928854,1.668654464,0.,0.023833702,1.767145868,0.,               659P   1616
0.041503704,1.864345431,0.,0.076860172,1.963495408,0.,               659P   1617
0.111256123,2.059951817,0.,0.162970486,2.159844949,0.,               659P   1618
0.212429398,2.255381379,0.,0.278855475,2.35619449,0.,                659P   1619
0.340962032,2.450451981,0.,0.420061742,2.552544031,0.,               659P   1620
0.45705565,2.600291159,0.,0.498497111,2.650718801,0.,                659P   1621
0.53744134,2.69810771,0.,0.58116281,2.748893572,0.,0.621489237,      659P   1622
2.795735829,0.,0.66726272,2.847068342,0.,0.708174484,                659P   1623
2.892948696,0.,0.755967655,2.945243113,0.,0.795880442,               659P   1624
2.988914958,0.,0.846423335,3.043417883,0.,0.876780309,               659P   1625
3.076153324,0.,0.937758625,3.141592654,0.,0.,1.,0.,0.,-1.;           659P   1626
126,3,3,1,0,0,0,0.,0.,0.,0.,1.,1.,1.,1.,1.,0.333333333333331,        661P   1627
0.333333333333331,1.,0.,47.414213562,-23.401656746,                  661P   1628
46.803313492,94.217527055,-23.401656746,46.803313492,                661P   1629
94.217527055,23.401656746,0.,47.414213562,23.401656746,0.,1.,        661P   1630
-0.707106781,0.707106781,0.;                                         661P   1631
126,1,1,1,0,1,0,0.,0.,1.,1.,1.,1.,0.937758625,3.141592654,0.,        663P   1632
0.994071146,3.141592654,0.,0.,1.,0.,0.,1.;                           663P   1633
110,0.,47.414213562,23.401656746,0.,46.,23.401656746;                665P   1634
102,4,651,655,659,663;                                               667P   1635
102,4,653,657,661,665;                                               669P   1636
142,1,649,667,669,1;                                                 671P   1637
144,649,1,0,671;                                                     673P   1638
110,63.661088619,95.518952995,0.17768261,-643.445692568,             675P   1639
802.625734182,0.17768261;                                            675P   1640
110,39.973011449,85.973011449,0.17768261,39.265904668,               677P   1641
86.68011823,0.17768261;                                              677P   1642
120,675,677,0.,6.28318530717959;                                     679P   1643
126,1,1,1,0,1,0,0.,0.,1.,1.,1.,1.,1.,6.283185307,0.,1.,              681P   1644
3.287746235,0.,0.,1.,0.,0.,1.;                                       681P   1645
124,-0.707106781186547,9.88098491916389E-15,0.707106781186548,       683P   1646
95.2724609075272,-0.707106781186548,9.76996261670138E-15,            683P   1647
-0.707106781186547,142.937955626543,-1.39332989590457E-14,-1.,       683P   1648
6.12323399573677E-17,103.474810197986;                               683P   1649
100,0.17768261,55.882914026,103.297127588,79.382914026,              685P   1650
103.297127588,32.633457778,106.719522097;                            685P   1651
126,1,1,1,0,1,0,0.,0.,1.,1.,1.,1.,1.,3.287746235,0.,0.,              687P   1652
3.287746235,0.,0.,1.,0.,0.,1.;                                       687P   1653
110,72.322762198,119.73697576,-3.244711899,73.029868979,             689P   1654
119.029868979,-3.244711899;                                          689P   1655
126,1,1,1,0,1,0,0.,0.,1.,1.,1.,1.,0.,3.287746235,0.,0.,              691P   1656
6.283185307,0.,0.,1.,0.,0.,1.;                                       691P   1657
124,0.699568007313135,-0.102978653826552,-0.707106781186548,         693P   1658
27.6916755342828,0.699568007313136,-0.102978653826552,               693P   1659
0.707106781186547,73.4403943776405,-0.145633808876433,               693P   1660
-0.989338563744557,6.12323399573677E-17,109.915366724033;            693P   1661
100,0.17768261,56.590020807,102.590020807,80.090020807,              695P   1662
102.590020807,33.340564559,106.012415316;                            695P   1663
126,1,1,1,0,1,0,0.,0.,1.,1.,1.,1.,0.,6.283185307,0.,1.,              697P   1664
6.283185307,0.,0.,1.,0.,0.,1.;                                       697P   1665
110,39.973011449,85.973011449,0.17768261,39.265904668,               699P   1666
86.68011823,0.17768261;                                              699P   1667
102,4,681,687,691,697;                                               701P   1668
102,4,685,689,695,699;                                               703P   1669
142,1,679,701,703,1;                                                 705P   1670
144,679,1,0,705;                                                     707P   1671
128,1,1,1,1,0,0,1,0,0,0.,0.,1.,1.,0.,0.,1.,1.,1.,1.,1.,1.,           709P   1672
72.254554056,118.961660837,3.244711899,89.667668313,                 709P   1673
118.961660837,3.244711899,72.254554056,136.374775094,                709P   1674
3.244711899,89.667668313,136.374775094,3.244711899,0.,1.,0.,1.;      709P   1675
126,1,1,1,0,1,0,0.,0.,1.,1.,1.,1.,0.046536569,0.005928854,0.,        711P   1676
0.994071146,0.953463431,0.,0.,1.,0.,0.,1.;                           711P   1677
110,73.064900645,119.064900645,3.244711899,89.564428505,             713P   1678
135.564428505,3.244711899;                                           713P   1679
126,1,1,1,0,1,0,0.,0.,1.,1.,1.,1.,0.994071146,0.953463431,0.,        715P   1680
0.953463431,0.994071146,0.,0.,1.,0.,0.,1.;                           715P   1681
110,89.564428505,135.564428505,3.244711899,88.857321724,             717P   1682
136.271535286,3.244711899;                                           717P   1683
126,1,1,1,0,1,0,0.,0.,1.,1.,1.,1.,0.953463431,0.994071146,0.,        719P   1684
0.005928854,0.046536569,0.,0.,1.,0.,0.,1.;                           719P   1685
110,88.857321724,136.271535286,3.244711899,72.357793864,             721P   1686
119.772007426,3.244711899;                                           721P   1687
126,1,1,1,0,1,0,0.,0.,1.,1.,1.,1.,0.005928854,0.046536569,0.,        723P   1688
0.046536569,0.005928854,0.,0.,1.,0.,0.,1.;                           723P   1689
110,72.357793864,119.772007426,3.244711899,73.064900645,             725P   1690
119.064900645,3.244711899;                                           725P   1691
102,4,711,715,719,723;                                               727P   1692
102,4,713,717,721,725;                                               729P   1693
142,1,709,727,729,1;                                                 731P   1694
144,709,1,0,731;                                                     733P   1695
128,1,1,1,1,0,0,1,0,0,0.,0.,1.,1.,0.,0.,1.,1.,1.,1.,1.,1.,           735P   1696
89.667878503,118.926418981,-3.244711899,72.2193122,                  735P   1697
118.926418981,-3.244711899,89.667878503,136.374985284,               735P   1698
-3.244711899,72.2193122,136.374985284,-3.244711899,0.,1.,0.,1.;      735P   1699
126,1,1,1,0,1,0,0.,0.,1.,1.,1.,1.,0.005928854,0.953545938,0.,        737P   1700
0.953545938,0.005928854,0.,0.,1.,0.,0.,1.;                           737P   1701
110,89.564428505,135.564428505,-3.244711899,73.029868979,            739P   1702
119.029868979,-3.244711899;                                          739P   1703
126,1,1,1,0,1,0,0.,0.,1.,1.,1.,1.,0.953545938,0.005928854,0.,        741P   1704
0.994071146,0.046454062,0.,0.,1.,0.,0.,1.;                           741P   1705
110,73.029868979,119.029868979,-3.244711899,72.322762198,            743P   1706
119.73697576,-3.244711899;                                           743P   1707
126,1,1,1,0,1,0,0.,0.,1.,1.,1.,1.,0.994071146,0.046454062,0.,        745P   1708
0.046454062,0.994071146,0.,0.,1.,0.,0.,1.;                           745P   1709
110,72.322762198,119.73697576,-3.244711899,88.857321724,             747P   1710
136.271535286,-3.244711899;                                          747P   1711
126,1,1,1,0,1,0,0.,0.,1.,1.,1.,1.,0.046454062,0.994071146,0.,        749P   1712
0.005928854,0.953545938,0.,0.,1.,0.,0.,1.;                           749P   1713
110,88.857321724,136.271535286,-3.244711899,89.564428505,            751P   1714
135.564428505,-3.244711899;                                          751P   1715
102,4,737,741,745,749;                                               753P   1716
102,4,739,743,747,751;                                               755P   1717
142,1,735,753,755,1;                                                 757P   1718
144,735,1,0,757;                                                     759P   1719
110,61.280157258,107.280157258,-4.,768.386938444,                    761P   1720
-599.826623929,-4.;                                                  761P   1721
110,88.857321724,136.271535286,-4.,89.564428505,135.564428505,       763P   1722
-4.;                                                                 763P   1723
120,761,763,0.,6.28318530717959;                                     765P   1724
126,1,1,1,0,1,0,0.,0.,1.,1.,1.,1.,1.,6.283185307,0.,1.,              767P   1725
4.71238898,0.,0.,1.,0.,0.,1.;                                        767P   1726
124,0.707106781186547,1.11022302462516E-16,-0.707106781186548,       769P   1727
15.1201153838059,0.707106781186548,2.77555756156289E-16,             769P   1728
0.707106781186547,66.7769696332982,2.22044604925031E-16,-1.,         769P   1729
6.12323399573677E-17,103.280157257528;                               769P   1730
100,-4.,61.280157258,107.280157258,101.280157258,107.280157258,      771P   1731
61.280157258,147.280157258;                                          771P   1732
126,1,1,1,0,1,0,0.,0.,1.,1.,1.,1.,1.,4.71238898,0.,0.,               773P   1733
4.71238898,0.,0.,1.,0.,0.,1.;                                        773P   1734
110,61.280157258,107.280157258,-44.,60.573050476,107.987264039,      775P   1735
-44.;                                                                775P   1736
126,1,1,1,0,1,0,0.,0.,1.,1.,1.,1.,0.,4.71238898,0.,0.,               777P   1737
6.283185307,0.,0.,1.,0.,0.,1.;                                       777P   1738
124,9.82547376793264E-15,0.707106781186547,0.707106781186548,        779P   1739
-12.9570490824701,9.71445146547012E-15,0.707106781186548,            779P   1740
-0.707106781186547,28.8003102304106,-1.,1.38222766565832E-14,        779P   1741
6.12323399573677E-17,56.5730504763403;                               779P   1742
100,-4.,60.573050476,107.987264039,100.573050476,107.987264039,      781P   1743
60.573050476,147.987264039;                                          781P   1744
126,1,1,1,0,1,0,0.,0.,1.,1.,1.,1.,0.,6.283185307,0.,1.,              783P   1745
6.283185307,0.,0.,1.,0.,0.,1.;                                       783P   1746
110,88.857321724,136.271535286,-4.,89.564428505,135.564428505,       785P   1747
-4.;                                                                 785P   1748
102,4,767,773,777,783;                                               787P   1749
102,4,771,775,781,785;                                               789P   1750
142,1,765,787,789,1;                                                 791P   1751
144,765,1,0,791;                                                     793P   1752
110,84.280157258,84.280157258,4.,-622.826623929,791.386938444,       795P   1753
4.;                                                                  795P   1754
110,32.99588601,78.99588601,4.,32.288779229,79.702992791,4.;         797P   1755
120,795,797,0.,6.28318530717959;                                     799P   1756
126,1,1,1,0,1,0,0.,0.,1.,1.,1.,1.,0.,1.570796327,0.,0.,              801P   1757
3.141592654,0.,0.,1.,0.,0.,1.;                                       801P   1758
124,9.15933995315754E-15,0.707106781186547,-0.707106781186548,       803P   1759
-11.7499423012834,8.99280649946377E-15,0.707106781186548,            803P   1760
0.707106781186547,28.593203449224,1.,-1.29340982368831E-14,          803P   1761
6.12323399573677E-17,-57.280157257527;                               803P   1762
100,4.,61.280157258,107.280157258,101.280157258,107.280157258,       805P   1763
61.280157258,147.280157258;                                          805P   1764
126,1,1,1,0,1,0,0.,0.,1.,1.,1.,1.,0.,3.141592654,0.,1.,              807P   1765
3.141592654,0.,0.,1.,0.,0.,1.;                                       807P   1766
110,89.564428505,135.564428505,4.,88.857321724,136.271535286,        809P   1767
4.;                                                                  809P   1768
126,1,1,1,0,1,0,0.,0.,1.,1.,1.,1.,1.,3.141592654,0.,1.,              811P   1769
1.570796327,0.,0.,1.,0.,0.,1.;                                       811P   1770
124,0.707106781186547,-2.22044604925031E-16,0.707106781186548,       813P   1771
14.9130086026193,0.707106781186548,-1.11022302462516E-16,            813P   1772
-0.707106781186547,67.9840764144848,2.22044604925031E-16,1.,         813P   1773
6.12323399573677E-17,-103.987264038715;                              813P   1774
100,4.,60.573050476,107.987264039,100.573050476,107.987264039,       815P   1775
60.573050476,147.987264039;                                          815P   1776
126,1,1,1,0,1,0,0.,0.,1.,1.,1.,1.,1.,1.570796327,0.,0.,              817P   1777
1.570796327,0.,0.,1.,0.,0.,1.;                                       817P   1778
110,60.573050476,107.987264039,44.,61.280157258,107.280157258,       819P   1779
44.;                                                                 819P   1780
102,4,801,807,811,817;                                               821P   1781
102,4,805,809,815,819;                                               823P   1782
142,1,799,821,823,1;                                                 825P   1783
144,799,1,0,825;                                                     827P   1784
308,0,5Hpetit,25,33,65,97,119,145,171,193,225,259,289,315,341,       829P   1785
375,445,471,541,575,609,643,673,707,733,759,793,827;                 829P   1786
124,1.,0.,0.,-8.52103907587079,0.,1.,0.,-49.952434832437,0.,0.,      831P   1787
1.,0.;                                                               831P   1788
408,829,0.,0.,0.,1.;                                                 833P   1789
110,0.,148.,0.,0.,-852.,0.;                                          835P   1790
110,0.,146.710382912,-76.,0.,4.,-76.;                                837P   1791
120,835,837,0.,6.28318530717959;                                     839P   1792
126,1,1,1,0,1,0,0.,0.,1.,1.,1.,1.,0.290979753,6.283185307,0.,        841P   1793
1.,6.283185307,0.,0.,1.,0.,0.,1.;                                    841P   1794
110,0.,105.184550937,-76.,0.,4.,-76.;                                843P   1795
126,1,1,1,0,1,0,0.,0.,1.,1.,1.,1.,1.,6.283185307,0.,1.,              845P   1796
3.141592654,0.,0.,1.,0.,0.,1.;                                       845P   1797
124,6.12323399573677E-17,-1.,0.,4.,6.12323399573677E-17,             847P   1798
3.74939945665464E-33,1.,4.,-1.,-6.12323399573677E-17,                847P   1799
6.12323399573677E-17,2.44929359829471E-16;                           847P   1800
100,0.,0.,4.,76.,4.,-76.,4.;                                         849P   1801
126,1,1,1,0,1,0,0.,0.,1.,1.,1.,1.,1.,3.141592654,0.,                 851P   1802
0.290979753,3.141592654,0.,0.,1.,0.,0.,1.;                           851P   1803
110,0.,4.,76.,0.,105.184550937,76.;                                  853P   1804
126,60,2,1,0,1,0,0.,0.,0.,0.015625,0.015625,0.03125,0.03125,         855P   1805
0.0625,0.0625,0.09375,0.09375,0.125,0.125,0.15625,0.15625,           855P   1806
0.1875,0.1875,0.21875,0.21875,0.25,0.25,0.28125,0.28125,0.3125,      855P   1807
0.3125,0.34375,0.34375,0.375,0.375,0.4375,0.4375,0.5,0.5,            855P   1808
0.5625,0.5625,0.625,0.625,0.65625,0.65625,0.6875,0.6875,             855P   1809
0.71875,0.71875,0.75,0.75,0.78125,0.78125,0.8125,0.8125,             855P   1810
0.84375,0.84375,0.875,0.875,0.90625,0.90625,0.9375,0.9375,           855P   1811
0.96875,0.96875,0.984375,0.984375,1.,1.,1.,1.,1.,1.,1.,1.,1.,        855P   1812
1.,1.,1.,1.,1.,1.,1.,1.,1.,1.,1.,1.,1.,1.,1.,1.,1.,1.,1.,1.,1.,      855P   1813
1.,1.,1.,1.,1.,1.,1.,1.,1.,1.,1.,1.,1.,1.,1.,1.,1.,1.,1.,1.,1.,      855P   1814
1.,1.,1.,1.,1.,1.,1.,1.,1.,1.,1.,1.,1.,0.290979753,3.141592654,      855P   1815
0.,0.281653016,3.174316263,0.,0.276994703,3.190680039,0.,            855P   1816
0.269232845,3.217945988,0.,0.263043345,3.239767424,0.,               855P   1817
0.247583966,3.29427035,0.,0.23537598,3.337942194,0.,                 855P   1818
0.220757649,3.390236611,0.,0.208244109,3.436116965,0.,               855P   1819
0.194243533,3.487449478,0.,0.181909029,3.534291735,0.,               855P   1820
0.168536094,3.585077597,0.,0.156624358,3.632466506,0.,               855P   1821
0.143948802,3.682894149,0.,0.132633604,3.730641276,0.,               855P   1822
0.120744102,3.780811812,0.,0.11016781,3.828816047,0.,                855P   1823
0.099157602,3.878789758,0.,0.089443333,3.926990817,0.,               855P   1824
0.079403701,3.976806289,0.,0.070659763,4.025165587,0.,               855P   1825
0.061676452,4.074848755,0.,0.053997994,4.123340358,0.,               855P   1826
0.046148953,4.172909234,0.,0.039618489,4.221515128,0.,               855P   1827
0.032972287,4.270982455,0.,0.027659731,4.319689899,0.,               855P   1828
0.016845371,4.418839877,0.,0.011440708,4.51603944,0.,                855P   1829
0.005964215,4.614530843,0.,0.005964215,4.71238898,0.,                855P   1830
0.005964215,4.810247118,0.,0.011440708,4.908738521,0.,               855P   1831
0.016845371,5.005938084,0.,0.027659731,5.105088062,0.,               855P   1832
0.032972287,5.153795505,0.,0.039618489,5.203262833,0.,               855P   1833
0.046148953,5.251868727,0.,0.053997994,5.301437603,0.,               855P   1834
0.061676452,5.349929206,0.,0.070659763,5.399612373,0.,               855P   1835
0.079403701,5.447971672,0.,0.089443333,5.497787144,0.,               855P   1836
0.099157602,5.545988202,0.,0.11016781,5.595961914,0.,                855P   1837
0.120744102,5.643966148,0.,0.132633604,5.694136685,0.,               855P   1838
0.143948802,5.741883812,0.,0.156624358,5.792311455,0.,               855P   1839
0.168536094,5.839700364,0.,0.181909029,5.890486225,0.,               855P   1840
0.194243533,5.937328483,0.,0.208244109,5.988660996,0.,               855P   1841
0.220757649,6.03454135,0.,0.23537598,6.086835766,0.,                 855P   1842
0.247583966,6.130507611,0.,0.263043345,6.185010537,0.,               855P   1843
0.269232845,6.206831973,0.,0.276994703,6.234097922,0.,               855P   1844
0.281653016,6.250461698,0.,0.290979753,6.283185307,0.,0.,1.,0.,      855P   1845
0.,-1.;                                                              855P   1846
126,3,3,1,0,0,0,0.,0.,0.,0.,1.,1.,1.,1.,1.,0.333333333333333,        857P   1847
0.333333333333333,1.,0.,105.184550937,76.,-152.,186.533904157,       857P   1848
76.,-152.,186.533904157,-76.,0.,105.184550937,-76.,0.,1.,            857P   1849
0.471864337,0.881671167,0.;                                          857P   1850
102,4,841,845,851,855;                                               859P   1851
102,4,843,849,853,857;                                               861P   1852
142,1,839,859,861,1;                                                 863P   1853
144,839,1,0,863;                                                     865P   1854
110,0.,148.,0.,0.,-852.,0.;                                          867P   1855
110,0.,105.815658243,-80.,0.,0.,-80.;                                869P   1856
120,867,869,0.,6.28318530717959;                                     871P   1857
126,60,2,1,0,1,0,0.,0.,0.,0.015625,0.015625,0.03125,0.03125,         873P   1858
0.0625,0.0625,0.09375,0.09375,0.125,0.125,0.15625,0.15625,           873P   1859
0.1875,0.1875,0.21875,0.21875,0.25,0.25,0.28125,0.28125,0.3125,      873P   1860
0.3125,0.34375,0.34375,0.375,0.375,0.4375,0.4375,0.5,0.5,            873P   1861
0.5625,0.5625,0.625,0.625,0.65625,0.65625,0.6875,0.6875,             873P   1862
0.71875,0.71875,0.75,0.75,0.78125,0.78125,0.8125,0.8125,             873P   1863
0.84375,0.84375,0.875,0.875,0.90625,0.90625,0.9375,0.9375,           873P   1864
0.96875,0.96875,0.984375,0.984375,1.,1.,1.,1.,1.,1.,1.,1.,1.,        873P   1865
1.,1.,1.,1.,1.,1.,1.,1.,1.,1.,1.,1.,1.,1.,1.,1.,1.,1.,1.,1.,1.,      873P   1866
1.,1.,1.,1.,1.,1.,1.,1.,1.,1.,1.,1.,1.,1.,1.,1.,1.,1.,1.,1.,1.,      873P   1867
1.,1.,1.,1.,1.,1.,1.,1.,1.,1.,1.,1.,1.,0.005964215,0.,0.,            873P   1868
0.01920494,0.032723609,0.,0.025818124,0.049087385,0.,                873P   1869
0.036837265,0.076353334,0.,0.045624204,0.09817477,0.,                873P   1870
0.067571149,0.152677696,0.,0.084902246,0.196349541,0.,               873P   1871
0.105655195,0.248643957,0.,0.123420072,0.294524311,0.,               873P   1872
0.143296024,0.345856824,0.,0.160806733,0.392699082,0.,               873P   1873
0.179791652,0.443484943,0.,0.196702176,0.490873852,0.,               873P   1874
0.21469706,0.541301495,0.,0.230760709,0.589048623,0.,                873P   1875
0.247639669,0.639219159,0.,0.262654328,0.687223393,0.,               873P   1876
0.278284996,0.737197105,0.,0.292075882,0.785398163,0.,               873P   1877
0.306328669,0.835213635,0.,0.318742023,0.883572934,0.,               873P   1878
0.331495201,0.933256101,0.,0.342395943,0.981747704,0.,               873P   1879
0.353538853,1.031316581,0.,0.362809842,1.079922475,0.,               873P   1880
0.372245139,1.129389802,0.,0.379787123,1.178097245,0.,               873P   1881
0.395139755,1.277247223,0.,0.402812497,1.374446786,0.,               873P   1882
0.410587215,1.472938189,0.,0.410587215,1.570796327,0.,               873P   1883
0.410587215,1.668654464,0.,0.402812497,1.767145868,0.,               873P   1884
0.395139755,1.864345431,0.,0.379787123,1.963495408,0.,               873P   1885
0.372245139,2.012202852,0.,0.362809842,2.061670179,0.,               873P   1886
0.353538853,2.110276073,0.,0.342395943,2.159844949,0.,               873P   1887
0.331495201,2.208336552,0.,0.318742023,2.25801972,0.,                873P   1888
0.306328669,2.306379019,0.,0.292075882,2.35619449,0.,                873P   1889
0.278284996,2.404395549,0.,0.262654328,2.454369261,0.,               873P   1890
0.247639669,2.502373495,0.,0.230760709,2.552544031,0.,               873P   1891
0.21469706,2.600291159,0.,0.196702176,2.650718801,0.,                873P   1892
0.179791652,2.69810771,0.,0.160806733,2.748893572,0.,                873P   1893
0.143296024,2.795735829,0.,0.123420072,2.847068342,0.,               873P   1894
0.105655195,2.892948696,0.,0.084902246,2.945243113,0.,               873P   1895
0.067571149,2.988914958,0.,0.045624204,3.043417883,0.,               873P   1896
0.036837265,3.06523932,0.,0.025818124,3.092505268,0.,                873P   1897
0.01920494,3.108869044,0.,0.005964215,3.141592654,0.,0.,1.,0.,       873P   1898
0.,1.;                                                               873P   1899
126,3,3,1,0,0,0,0.,0.,0.,0.,1.,1.,1.,1.,1.,0.333333333333333,        875P   1900
0.333333333333333,1.,0.,105.184550937,-80.,160.,19.553652811,        875P   1901
-80.,160.,19.553652811,80.,0.,105.184550937,80.,0.,1.,               875P   1902
0.471864337,0.881671167,0.;                                          875P   1903
126,1,1,1,0,1,0,0.,0.,1.,1.,1.,1.,0.005964215,3.141592654,0.,        877P   1904
1.,3.141592654,0.,0.,1.,0.,0.,1.;                                    877P   1905
110,0.,105.184550937,80.,0.,0.,80.;                                  879P   1906
126,1,1,1,0,1,0,0.,0.,1.,1.,1.,1.,1.,3.141592654,0.,1.,0.,0.,        881P   1907
0.,1.,0.,0.,1.;                                                      881P   1908
124,1.40271576953299E-14,1.,0.,0.,-6.12323399573677E-17,             883P   1909
8.58915688636046E-31,1.,0.,1.,-1.40271576953299E-14,                 883P   1910
6.12323399573677E-17,0.;                                             883P   1911
100,0.,0.,0.,80.,0.,-80.,0.;                                         885P   1912
126,1,1,1,0,1,0,0.,0.,1.,1.,1.,1.,1.,0.,0.,0.005964215,0.,0.,        887P   1913
0.,1.,0.,0.,1.;                                                      887P   1914
110,0.,0.,-80.,0.,105.184550937,-80.;                                889P   1915
102,4,873,877,881,887;                                               891P   1916
102,4,875,879,885,889;                                               893P   1917
142,1,871,891,893,1;                                                 895P   1918
144,871,1,0,895;                                                     897P   1919
110,0.,148.,0.,0.,-852.,0.;                                          899P   1920
110,0.,148.888,-80.,0.,0.,-80.;                                      901P   1921
120,899,901,0.,6.28318530717959;                                     903P   1922
126,1,1,1,0,1,0,0.,0.,1.,1.,1.,1.,1.,3.141592654,0.,0.29353238,      905P   1923
3.141592654,0.,0.,1.,0.,0.,1.;                                       905P   1924
110,0.,0.,80.,0.,105.184550937,80.;                                  907P   1925
126,60,2,1,0,1,0,0.,0.,0.,0.015625,0.015625,0.03125,0.03125,         909P   1926
0.0625,0.0625,0.09375,0.09375,0.125,0.125,0.15625,0.15625,           909P   1927
0.1875,0.1875,0.21875,0.21875,0.25,0.25,0.28125,0.28125,0.3125,      909P   1928
0.3125,0.34375,0.34375,0.375,0.375,0.4375,0.4375,0.5,0.5,            909P   1929
0.5625,0.5625,0.625,0.625,0.65625,0.65625,0.6875,0.6875,             909P   1930
0.71875,0.71875,0.75,0.75,0.78125,0.78125,0.8125,0.8125,             909P   1931
0.84375,0.84375,0.875,0.875,0.90625,0.90625,0.9375,0.9375,           909P   1932
0.96875,0.96875,0.984375,0.984375,1.,1.,1.,1.,1.,1.,1.,1.,1.,        909P   1933
1.,1.,1.,1.,1.,1.,1.,1.,1.,1.,1.,1.,1.,1.,1.,1.,1.,1.,1.,1.,1.,      909P   1934
1.,1.,1.,1.,1.,1.,1.,1.,1.,1.,1.,1.,1.,1.,1.,1.,1.,1.,1.,1.,1.,      909P   1935
1.,1.,1.,1.,1.,1.,1.,1.,1.,1.,1.,1.,1.,0.29353238,3.141592654,       909P   1936
0.,0.284122112,3.174316263,0.,0.279422079,3.190680039,0.,            909P   1937
0.271590705,3.217945988,0.,0.265345771,3.239767424,0.,               909P   1938
0.249747936,3.29427035,0.,0.237430614,3.337942194,0.,                909P   1939
0.22268136,3.390236611,0.,0.210055748,3.436116965,0.,                909P   1940
0.195929781,3.487449478,0.,0.183484808,3.534291735,0.,               909P   1941
0.169992104,3.585077597,0.,0.157973686,3.632466506,0.,               909P   1942
0.145184606,3.682894149,0.,0.133768068,3.730641276,0.,               909P   1943
0.121772082,3.780811812,0.,0.111101067,3.828816047,0.,               909P   1944
0.099992251,3.878789758,0.,0.09019098,3.926990817,0.,                909P   1945
0.080061433,3.976806289,0.,0.071239182,4.025165587,0.,               909P   1946
0.062175417,4.074848755,0.,0.054428189,4.123340358,0.,               909P   1947
0.046508852,4.172909234,0.,0.0399199,4.221515128,0.,                 909P   1948
0.033214174,4.270982455,0.,0.027854038,4.319689899,0.,               909P   1949
0.016942824,4.418839877,0.,0.011489756,4.51603944,0.,                909P   1950
0.005964215,4.614530843,0.,0.005964215,4.71238898,0.,                909P   1951
0.005964215,4.810247118,0.,0.011489756,4.908738521,0.,               909P   1952
0.016942824,5.005938084,0.,0.027854038,5.105088062,0.,               909P   1953
0.033214174,5.153795505,0.,0.0399199,5.203262833,0.,                 909P   1954
0.046508852,5.251868727,0.,0.054428189,5.301437603,0.,               909P   1955
0.062175417,5.349929206,0.,0.071239182,5.399612373,0.,               909P   1956
0.080061433,5.447971672,0.,0.09019098,5.497787144,0.,                909P   1957
0.099992251,5.545988202,0.,0.111101067,5.595961914,0.,               909P   1958
0.121772082,5.643966148,0.,0.133768068,5.694136685,0.,               909P   1959
0.145184606,5.741883812,0.,0.157973686,5.792311455,0.,               909P   1960
0.169992104,5.839700364,0.,0.183484808,5.890486225,0.,               909P   1961
0.195929781,5.937328483,0.,0.210055748,5.988660996,0.,               909P   1962
0.22268136,6.03454135,0.,0.237430614,6.086835766,0.,                 909P   1963
0.249747936,6.130507611,0.,0.265345771,6.185010537,0.,               909P   1964
0.271590705,6.206831973,0.,0.279422079,6.234097922,0.,               909P   1965
0.284122112,6.250461698,0.,0.29353238,6.283185307,0.,0.,1.,0.,       909P   1966
0.,-1.;                                                              909P   1967
126,3,3,1,0,0,0,0.,0.,0.,0.,1.,1.,1.,1.,1.,0.333333333333333,        911P   1968
0.333333333333333,1.,0.,105.184550937,80.,-160.,190.815449063,       911P   1969
80.,-160.,190.815449063,-80.,0.,105.184550937,-80.,0.,1.,            911P   1970
0.471864337,0.881671167,0.;                                          911P   1971
126,1,1,1,0,1,0,0.,0.,1.,1.,1.,1.,0.29353238,6.283185307,0.,1.,      913P   1972
6.283185307,0.,0.,1.,0.,0.,1.;                                       913P   1973
110,0.,105.184550937,-80.,0.,0.,-80.;                                915P   1974
126,1,1,1,0,1,0,0.,0.,1.,1.,1.,1.,1.,6.283185307,0.,1.,              917P   1975
3.141592654,0.,0.,1.,0.,0.,1.;                                       917P   1976
124,6.12323399573677E-17,-1.,0.,0.,6.12323399573677E-17,             919P   1977
3.74939945665464E-33,1.,0.,-1.,-6.12323399573677E-17,                919P   1978
6.12323399573677E-17,0.;                                             919P   1979
100,0.,0.,0.,80.,0.,-80.,0.;                                         921P   1980
102,4,905,909,913,917;                                               923P   1981
102,4,907,911,915,921;                                               925P   1982
142,1,903,923,925,1;                                                 927P   1983
144,903,1,0,927;                                                     929P   1984
128,1,1,1,1,0,0,1,0,0,0.,0.,1.,1.,0.,0.,1.,1.,1.,1.,1.,1.,           931P   1985
-80.96,0.,-80.96,-80.96,0.,80.96,80.96,0.,-80.96,80.96,0.,           931P   1986
80.96,0.,1.,0.,1.;                                                   931P   1987
126,64,2,1,0,1,0,0.,0.,0.,0.03125,0.03125,0.0625,0.0625,             933P   1988
0.09375,0.09375,0.125,0.125,0.15625,0.15625,0.1875,0.1875,           933P   1989
0.21875,0.21875,0.25,0.25,0.28125,0.28125,0.3125,0.3125,             933P   1990
0.34375,0.34375,0.375,0.375,0.40625,0.40625,0.4375,0.4375,           933P   1991
0.46875,0.46875,0.5,0.5,0.53125,0.53125,0.5625,0.5625,0.59375,       933P   1992
0.59375,0.625,0.625,0.65625,0.65625,0.6875,0.6875,0.71875,           933P   1993
0.71875,0.75,0.75,0.78125,0.78125,0.8125,0.8125,0.84375,             933P   1994
0.84375,0.875,0.875,0.90625,0.90625,0.9375,0.9375,0.96875,           933P   1995
0.96875,1.,1.,1.,1.,1.,1.,1.,1.,1.,1.,1.,1.,1.,1.,1.,1.,1.,1.,       933P   1996
1.,1.,1.,1.,1.,1.,1.,1.,1.,1.,1.,1.,1.,1.,1.,1.,1.,1.,1.,1.,1.,      933P   1997
1.,1.,1.,1.,1.,1.,1.,1.,1.,1.,1.,1.,1.,1.,1.,1.,1.,1.,1.,1.,1.,      933P   1998
1.,1.,1.,1.,1.,1.,1.,1.,0.994071146,0.5,0.,0.994071146,              933P   1999
0.524272159,0.,0.991692059,0.548427441,0.,0.989312971,               933P   2000
0.572582723,0.,0.984577708,0.596388499,0.,0.979842444,               933P   2001
0.620194275,0.,0.972796609,0.643421283,0.,0.965750773,               933P   2002
0.666648291,0.,0.95646222,0.689072842,0.,0.947173667,                933P   2003
0.711497393,0.,0.93573185,0.732903526,0.,0.924290033,                933P   2004
0.754309659,0.,0.910805144,0.774491222,0.,0.897320255,               933P   2005
0.794672784,0.,0.881922161,0.813435417,0.,0.866524066,               933P   2006
0.83219805,0.,0.849361058,0.849361058,0.,0.83219805,                 933P   2007
0.866524066,0.,0.813435417,0.881922161,0.,0.794672784,               933P   2008
0.897320255,0.,0.774491222,0.910805144,0.,0.754309659,               933P   2009
0.924290033,0.,0.732903526,0.93573185,0.,0.711497393,                933P   2010
0.947173667,0.,0.689072842,0.95646222,0.,0.666648291,                933P   2011
0.965750773,0.,0.643421283,0.972796609,0.,0.620194275,               933P   2012
0.979842444,0.,0.596388499,0.984577708,0.,0.572582723,               933P   2013
0.989312971,0.,0.548427441,0.991692059,0.,0.524272159,               933P   2014
0.994071146,0.,0.5,0.994071146,0.,0.475727841,0.994071146,0.,        933P   2015
0.451572559,0.991692059,0.,0.427417277,0.989312971,0.,               933P   2016
0.403611501,0.984577708,0.,0.379805725,0.979842444,0.,               933P   2017
0.356578717,0.972796609,0.,0.333351709,0.965750773,0.,               933P   2018
0.310927158,0.95646222,0.,0.288502607,0.947173667,0.,                933P   2019
0.267096474,0.93573185,0.,0.245690341,0.924290033,0.,                933P   2020
0.225508778,0.910805144,0.,0.205327216,0.897320255,0.,               933P   2021
0.186564583,0.881922161,0.,0.16780195,0.866524066,0.,                933P   2022
0.150638942,0.849361058,0.,0.133475934,0.83219805,0.,                933P   2023
0.118077839,0.813435417,0.,0.102679745,0.794672784,0.,               933P   2024
0.089194856,0.774491222,0.,0.075709967,0.754309659,0.,               933P   2025
0.06426815,0.732903526,0.,0.052826333,0.711497393,0.,                933P   2026
0.04353778,0.689072842,0.,0.034249227,0.666648291,0.,                933P   2027
0.027203391,0.643421283,0.,0.020157556,0.620194275,0.,               933P   2028
0.015422292,0.596388499,0.,0.010687029,0.572582723,0.,               933P   2029
0.008307941,0.548427441,0.,0.005928854,0.524272159,0.,               933P   2030
0.005928854,0.5,0.,0.,1.,0.,0.,-1.;                                  933P   2031
124,1.40271576953299E-14,1.,0.,0.,-6.12323399573677E-17,             935P   2032
8.58915688636046E-31,1.,0.,1.,-1.40271576953299E-14,                 935P   2033
6.12323399573677E-17,0.;                                             935P   2034
100,0.,0.,0.,80.,0.,-80.,0.;                                         937P   2035
126,64,2,1,0,1,0,0.,0.,0.,0.03125,0.03125,0.0625,0.0625,             939P   2036
0.09375,0.09375,0.125,0.125,0.15625,0.15625,0.1875,0.1875,           939P   2037
0.21875,0.21875,0.25,0.25,0.28125,0.28125,0.3125,0.3125,             939P   2038
0.34375,0.34375,0.375,0.375,0.40625,0.40625,0.4375,0.4375,           939P   2039
0.46875,0.46875,0.5,0.5,0.53125,0.53125,0.5625,0.5625,0.59375,       939P   2040
0.59375,0.625,0.625,0.65625,0.65625,0.6875,0.6875,0.71875,           939P   2041
0.71875,0.75,0.75,0.78125,0.78125,0.8125,0.8125,0.84375,             939P   2042
0.84375,0.875,0.875,0.90625,0.90625,0.9375,0.9375,0.96875,           939P   2043
0.96875,1.,1.,1.,1.,1.,1.,1.,1.,1.,1.,1.,1.,1.,1.,1.,1.,1.,1.,       939P   2044
1.,1.,1.,1.,1.,1.,1.,1.,1.,1.,1.,1.,1.,1.,1.,1.,1.,1.,1.,1.,1.,      939P   2045
1.,1.,1.,1.,1.,1.,1.,1.,1.,1.,1.,1.,1.,1.,1.,1.,1.,1.,1.,1.,1.,      939P   2046
1.,1.,1.,1.,1.,1.,1.,1.,0.005928854,0.5,0.,0.005928854,              939P   2047
0.475727841,0.,0.008307941,0.451572559,0.,0.010687029,               939P   2048
0.427417277,0.,0.015422292,0.403611501,0.,0.020157556,               939P   2049
0.379805725,0.,0.027203391,0.356578717,0.,0.034249227,               939P   2050
0.333351709,0.,0.04353778,0.310927158,0.,0.052826333,                939P   2051
0.288502607,0.,0.06426815,0.267096474,0.,0.075709967,                939P   2052
0.245690341,0.,0.089194856,0.225508778,0.,0.102679745,               939P   2053
0.205327216,0.,0.118077839,0.186564583,0.,0.133475934,               939P   2054
0.16780195,0.,0.150638942,0.150638942,0.,0.16780195,                 939P   2055
0.133475934,0.,0.186564583,0.118077839,0.,0.205327216,               939P   2056
0.102679745,0.,0.225508778,0.089194856,0.,0.245690341,               939P   2057
0.075709967,0.,0.267096474,0.06426815,0.,0.288502607,                939P   2058
0.052826333,0.,0.310927158,0.04353778,0.,0.333351709,                939P   2059
0.034249227,0.,0.356578717,0.027203391,0.,0.379805725,               939P   2060
0.020157556,0.,0.403611501,0.015422292,0.,0.427417277,               939P   2061
0.010687029,0.,0.451572559,0.008307941,0.,0.475727841,               939P   2062
0.005928854,0.,0.5,0.005928854,0.,0.524272159,0.005928854,0.,        939P   2063
0.548427441,0.008307941,0.,0.572582723,0.010687029,0.,               939P   2064
0.596388499,0.015422292,0.,0.620194275,0.020157556,0.,               939P   2065
0.643421283,0.027203391,0.,0.666648291,0.034249227,0.,               939P   2066
0.689072842,0.04353778,0.,0.711497393,0.052826333,0.,                939P   2067
0.732903526,0.06426815,0.,0.754309659,0.075709967,0.,                939P   2068
0.774491222,0.089194856,0.,0.794672784,0.102679745,0.,               939P   2069
0.813435417,0.118077839,0.,0.83219805,0.133475934,0.,                939P   2070
0.849361058,0.150638942,0.,0.866524066,0.16780195,0.,                939P   2071
0.881922161,0.186564583,0.,0.897320255,0.205327216,0.,               939P   2072
0.910805144,0.225508778,0.,0.924290033,0.245690341,0.,               939P   2073
0.93573185,0.267096474,0.,0.947173667,0.288502607,0.,                939P   2074
0.95646222,0.310927158,0.,0.965750773,0.333351709,0.,                939P   2075
0.972796609,0.356578717,0.,0.979842444,0.379805725,0.,               939P   2076
0.984577708,0.403611501,0.,0.989312971,0.427417277,0.,               939P   2077
0.991692059,0.451572559,0.,0.994071146,0.475727841,0.,               939P   2078
0.994071146,0.5,0.,0.,1.,0.,0.,-1.;                                  939P   2079
124,6.12323399573677E-17,-1.,0.,0.,6.12323399573677E-17,             941P   2080
3.74939945665464E-33,1.,0.,-1.,-6.12323399573677E-17,                941P   2081
6.12323399573677E-17,0.;                                             941P   2082
100,0.,0.,0.,80.,0.,-80.,0.;                                         943P   2083
102,2,933,939;                                                       945P   2084
102,2,937,943;                                                       947P   2085
142,1,931,945,947,1;                                                 949P   2086
144,931,1,0,949;                                                     951P   2087
128,1,1,1,1,0,0,1,0,0,0.,0.,1.,1.,0.,0.,1.,1.,1.,1.,1.,1.,           953P   2088
-80.96,148.513785389,-80.96,80.96,61.855316485,-80.96,-80.96,        953P   2089
148.513785389,80.96,80.96,61.855316485,80.96,0.,1.,0.,1.;            953P   2090
126,64,2,1,0,1,0,0.,0.,0.,0.03125,0.03125,0.0625,0.0625,             955P   2091
0.09375,0.09375,0.125,0.125,0.15625,0.15625,0.1875,0.1875,           955P   2092
0.21875,0.21875,0.25,0.25,0.28125,0.28125,0.3125,0.3125,             955P   2093
0.34375,0.34375,0.375,0.375,0.40625,0.40625,0.4375,0.4375,           955P   2094
0.46875,0.46875,0.5,0.5,0.53125,0.53125,0.5625,0.5625,0.59375,       955P   2095
0.59375,0.625,0.625,0.65625,0.65625,0.6875,0.6875,0.71875,           955P   2096
0.71875,0.75,0.75,0.78125,0.78125,0.8125,0.8125,0.84375,             955P   2097
0.84375,0.875,0.875,0.90625,0.90625,0.9375,0.9375,0.96875,           955P   2098
0.96875,1.,1.,1.,1.,1.,1.,1.,1.,1.,1.,1.,1.,1.,1.,1.,1.,1.,1.,       955P   2099
1.,1.,1.,1.,1.,1.,1.,1.,1.,1.,1.,1.,1.,1.,1.,1.,1.,1.,1.,1.,1.,      955P   2100
1.,1.,1.,1.,1.,1.,1.,1.,1.,1.,1.,1.,1.,1.,1.,1.,1.,1.,1.,1.,1.,      955P   2101
1.,1.,1.,1.,1.,1.,1.,1.,0.5,0.994071146,0.,0.475727841,              955P   2102
0.994071146,0.,0.451572559,0.991692059,0.,0.427417277,               955P   2103
0.989312971,0.,0.403611501,0.984577708,0.,0.379805725,               955P   2104
0.979842444,0.,0.356578717,0.972796609,0.,0.333351709,               955P   2105
0.965750773,0.,0.310927158,0.95646222,0.,0.288502607,                955P   2106
0.947173667,0.,0.267096474,0.93573185,0.,0.245690341,                955P   2107
0.924290033,0.,0.225508778,0.910805144,0.,0.205327216,               955P   2108
0.897320255,0.,0.186564583,0.881922161,0.,0.16780195,                955P   2109
0.866524066,0.,0.150638942,0.849361058,0.,0.133475934,               955P   2110
0.83219805,0.,0.118077839,0.813435417,0.,0.102679745,                955P   2111
0.794672784,0.,0.089194856,0.774491222,0.,0.075709967,               955P   2112
0.754309659,0.,0.06426815,0.732903526,0.,0.052826333,                955P   2113
0.711497393,0.,0.04353778,0.689072842,0.,0.034249227,                955P   2114
0.666648291,0.,0.027203391,0.643421283,0.,0.020157556,               955P   2115
0.620194275,0.,0.015422292,0.596388499,0.,0.010687029,               955P   2116
0.572582723,0.,0.008307941,0.548427441,0.,0.005928854,               955P   2117
0.524272159,0.,0.005928854,0.5,0.,0.005928854,0.475727841,0.,        955P   2118
0.008307941,0.451572559,0.,0.010687029,0.427417277,0.,               955P   2119
0.015422292,0.403611501,0.,0.020157556,0.379805725,0.,               955P   2120
0.027203391,0.356578717,0.,0.034249227,0.333351709,0.,               955P   2121
0.04353778,0.310927158,0.,0.052826333,0.288502607,0.,                955P   2122
0.06426815,0.267096474,0.,0.075709967,0.245690341,0.,                955P   2123
0.089194856,0.225508778,0.,0.102679745,0.205327216,0.,               955P   2124
0.118077839,0.186564583,0.,0.133475934,0.16780195,0.,                955P   2125
0.150638942,0.150638942,0.,0.16780195,0.133475934,0.,                955P   2126
0.186564583,0.118077839,0.,0.205327216,0.102679745,0.,               955P   2127
0.225508778,0.089194856,0.,0.245690341,0.075709967,0.,               955P   2128
0.267096474,0.06426815,0.,0.288502607,0.052826333,0.,                955P   2129
0.310927158,0.04353778,0.,0.333351709,0.034249227,0.,                955P   2130
0.356578717,0.027203391,0.,0.379805725,0.020157556,0.,               955P   2131
0.403611501,0.015422292,0.,0.427417277,0.010687029,0.,               955P   2132
0.451572559,0.008307941,0.,0.475727841,0.005928854,0.,0.5,           955P   2133
0.005928854,0.,0.,1.,0.,0.,-1.;                                      955P   2134
126,3,3,1,0,0,0,0.,0.,0.,0.,1.,1.,1.,1.,1.,0.333333333333333,        957P   2135
0.333333333333333,1.,0.,105.184550937,80.,-160.,190.815449063,       957P   2136
80.,-160.,190.815449063,-80.,0.,105.184550937,-80.,0.,1.,            957P   2137
0.471864337,0.881671167,0.;                                          957P   2138
126,64,2,1,0,1,0,0.,0.,0.,0.03125,0.03125,0.0625,0.0625,             959P   2139
0.09375,0.09375,0.125,0.125,0.15625,0.15625,0.1875,0.1875,           959P   2140
0.21875,0.21875,0.25,0.25,0.28125,0.28125,0.3125,0.3125,             959P   2141
0.34375,0.34375,0.375,0.375,0.40625,0.40625,0.4375,0.4375,           959P   2142
0.46875,0.46875,0.5,0.5,0.53125,0.53125,0.5625,0.5625,0.59375,       959P   2143
0.59375,0.625,0.625,0.65625,0.65625,0.6875,0.6875,0.71875,           959P   2144
0.71875,0.75,0.75,0.78125,0.78125,0.8125,0.8125,0.84375,             959P   2145
0.84375,0.875,0.875,0.90625,0.90625,0.9375,0.9375,0.96875,           959P   2146
0.96875,1.,1.,1.,1.,1.,1.,1.,1.,1.,1.,1.,1.,1.,1.,1.,1.,1.,1.,       959P   2147
1.,1.,1.,1.,1.,1.,1.,1.,1.,1.,1.,1.,1.,1.,1.,1.,1.,1.,1.,1.,1.,      959P   2148
1.,1.,1.,1.,1.,1.,1.,1.,1.,1.,1.,1.,1.,1.,1.,1.,1.,1.,1.,1.,1.,      959P   2149
1.,1.,1.,1.,1.,1.,1.,1.,0.5,0.005928854,0.,0.524272159,              959P   2150
0.005928854,0.,0.548427441,0.008307941,0.,0.572582723,               959P   2151
0.010687029,0.,0.596388499,0.015422292,0.,0.620194275,               959P   2152
0.020157556,0.,0.643421283,0.027203391,0.,0.666648291,               959P   2153
0.034249227,0.,0.689072842,0.04353778,0.,0.711497393,                959P   2154
0.052826333,0.,0.732903526,0.06426815,0.,0.754309659,                959P   2155
0.075709967,0.,0.774491222,0.089194856,0.,0.794672784,               959P   2156
0.102679745,0.,0.813435417,0.118077839,0.,0.83219805,                959P   2157
0.133475934,0.,0.849361058,0.150638942,0.,0.866524066,               959P   2158
0.16780195,0.,0.881922161,0.186564583,0.,0.897320255,                959P   2159
0.205327216,0.,0.910805144,0.225508778,0.,0.924290033,               959P   2160
0.245690341,0.,0.93573185,0.267096474,0.,0.947173667,                959P   2161
0.288502607,0.,0.95646222,0.310927158,0.,0.965750773,                959P   2162
0.333351709,0.,0.972796609,0.356578717,0.,0.979842444,               959P   2163
0.379805725,0.,0.984577708,0.403611501,0.,0.989312971,               959P   2164
0.427417277,0.,0.991692059,0.451572559,0.,0.994071146,               959P   2165
0.475727841,0.,0.994071146,0.5,0.,0.994071146,0.524272159,0.,        959P   2166
0.991692059,0.548427441,0.,0.989312971,0.572582723,0.,               959P   2167
0.984577708,0.596388499,0.,0.979842444,0.620194275,0.,               959P   2168
0.972796609,0.643421283,0.,0.965750773,0.666648291,0.,               959P   2169
0.95646222,0.689072842,0.,0.947173667,0.711497393,0.,                959P   2170
0.93573185,0.732903526,0.,0.924290033,0.754309659,0.,                959P   2171
0.910805144,0.774491222,0.,0.897320255,0.794672784,0.,               959P   2172
0.881922161,0.813435417,0.,0.866524066,0.83219805,0.,                959P   2173
0.849361058,0.849361058,0.,0.83219805,0.866524066,0.,                959P   2174
0.813435417,0.881922161,0.,0.794672784,0.897320255,0.,               959P   2175
0.774491222,0.910805144,0.,0.754309659,0.924290033,0.,               959P   2176
0.732903526,0.93573185,0.,0.711497393,0.947173667,0.,                959P   2177
0.689072842,0.95646222,0.,0.666648291,0.965750773,0.,                959P   2178
0.643421283,0.972796609,0.,0.620194275,0.979842444,0.,               959P   2179
0.596388499,0.984577708,0.,0.572582723,0.989312971,0.,               959P   2180
0.548427441,0.991692059,0.,0.524272159,0.994071146,0.,0.5,           959P   2181
0.994071146,0.,0.,1.,0.,0.,-1.;                                      959P   2182
126,3,3,1,0,0,0,0.,0.,0.,0.,1.,1.,1.,1.,1.,0.333333333333333,        961P   2183
0.333333333333333,1.,0.,105.184550937,-80.,160.,19.553652811,        961P   2184
-80.,160.,19.553652811,80.,0.,105.184550937,80.,0.,1.,               961P   2185
0.471864337,0.881671167,0.;                                          961P   2186
102,2,955,959;                                                       963P   2187
102,2,957,961;                                                       965P   2188
142,1,953,963,965,1;                                                 967P   2189
126,64,2,1,0,1,0,0.,0.,0.,0.03125,0.03125,0.0625,0.0625,             969P   2190
0.09375,0.09375,0.125,0.125,0.15625,0.15625,0.1875,0.1875,           969P   2191
0.21875,0.21875,0.25,0.25,0.28125,0.28125,0.3125,0.3125,             969P   2192
0.34375,0.34375,0.375,0.375,0.40625,0.40625,0.4375,0.4375,           969P   2193
0.46875,0.46875,0.5,0.5,0.53125,0.53125,0.5625,0.5625,0.59375,       969P   2194
0.59375,0.625,0.625,0.65625,0.65625,0.6875,0.6875,0.71875,           969P   2195
0.71875,0.75,0.75,0.78125,0.78125,0.8125,0.8125,0.84375,             969P   2196
0.84375,0.875,0.875,0.90625,0.90625,0.9375,0.9375,0.96875,           969P   2197
0.96875,1.,1.,1.,1.,1.,1.,1.,1.,1.,1.,1.,1.,1.,1.,1.,1.,1.,1.,       969P   2198
1.,1.,1.,1.,1.,1.,1.,1.,1.,1.,1.,1.,1.,1.,1.,1.,1.,1.,1.,1.,1.,      969P   2199
1.,1.,1.,1.,1.,1.,1.,1.,1.,1.,1.,1.,1.,1.,1.,1.,1.,1.,1.,1.,1.,      969P   2200
1.,1.,1.,1.,1.,1.,1.,1.,0.5,0.030632411,0.,0.476941449,              969P   2201
0.030632411,0.,0.453993931,0.032892544,0.,0.431046413,               969P   2202
0.035152678,0.,0.408430926,0.039651178,0.,0.385815438,               969P   2203
0.044149678,0.,0.363749781,0.050843222,0.,0.341684123,               969P   2204
0.057536766,0.,0.3203808,0.066360891,0.,0.299077477,                 969P   2205
0.075185017,0.,0.27874165,0.086054743,0.,0.258405824,                969P   2206
0.096924468,0.,0.239233339,0.109735113,0.,0.220060855,               969P   2207
0.122545757,0.,0.202236354,0.137173947,0.,0.184411853,               969P   2208
0.151802137,0.,0.168106995,0.168106995,0.,0.151802137,               969P   2209
0.184411853,0.,0.137173947,0.202236354,0.,0.122545757,               969P   2210
0.220060855,0.,0.109735113,0.239233339,0.,0.096924468,               969P   2211
0.258405824,0.,0.086054743,0.27874165,0.,0.075185017,                969P   2212
0.299077477,0.,0.066360891,0.3203808,0.,0.057536766,                 969P   2213
0.341684123,0.,0.050843222,0.363749781,0.,0.044149678,               969P   2214
0.385815438,0.,0.039651178,0.408430926,0.,0.035152678,               969P   2215
0.431046413,0.,0.032892544,0.453993931,0.,0.030632411,               969P   2216
0.476941449,0.,0.030632411,0.5,0.,0.030632411,0.523058551,0.,        969P   2217
0.032892544,0.546006069,0.,0.035152678,0.568953587,0.,               969P   2218
0.039651178,0.591569074,0.,0.044149678,0.614184562,0.,               969P   2219
0.050843222,0.636250219,0.,0.057536766,0.658315877,0.,               969P   2220
0.066360891,0.6796192,0.,0.075185017,0.700922523,0.,                 969P   2221
0.086054743,0.72125835,0.,0.096924468,0.741594176,0.,                969P   2222
0.109735113,0.760766661,0.,0.122545757,0.779939145,0.,               969P   2223
0.137173947,0.797763646,0.,0.151802137,0.815588147,0.,               969P   2224
0.168106995,0.831893005,0.,0.184411853,0.848197863,0.,               969P   2225
0.202236354,0.862826053,0.,0.220060855,0.877454243,0.,               969P   2226
0.239233339,0.890264887,0.,0.258405824,0.903075532,0.,               969P   2227
0.27874165,0.913945257,0.,0.299077477,0.924814983,0.,0.3203808,      969P   2228
0.933639109,0.,0.341684123,0.942463234,0.,0.363749781,               969P   2229
0.949156778,0.,0.385815438,0.955850322,0.,0.408430926,               969P   2230
0.960348822,0.,0.431046413,0.964847322,0.,0.453993931,               969P   2231
0.967107456,0.,0.476941449,0.969367589,0.,0.5,0.969367589,0.,        969P   2232
0.,1.,0.,0.,1.;                                                      969P   2233
126,3,3,1,0,0,0,0.,0.,0.,0.,1.,1.,1.,1.,1.,0.333333333333333,        971P   2234
0.333333333333333,1.,0.,105.184550937,-76.,-152.,186.533904157,      971P   2235
-76.,-152.,186.533904157,76.,0.,105.184550937,76.,0.,1.,             971P   2236
-0.471864337,-0.881671167,0.;                                        971P   2237
126,64,2,1,0,1,0,0.,0.,0.,0.03125,0.03125,0.0625,0.0625,             973P   2238
0.09375,0.09375,0.125,0.125,0.15625,0.15625,0.1875,0.1875,           973P   2239
0.21875,0.21875,0.25,0.25,0.28125,0.28125,0.3125,0.3125,             973P   2240
0.34375,0.34375,0.375,0.375,0.40625,0.40625,0.4375,0.4375,           973P   2241
0.46875,0.46875,0.5,0.5,0.53125,0.53125,0.5625,0.5625,0.59375,       973P   2242
0.59375,0.625,0.625,0.65625,0.65625,0.6875,0.6875,0.71875,           973P   2243
0.71875,0.75,0.75,0.78125,0.78125,0.8125,0.8125,0.84375,             973P   2244
0.84375,0.875,0.875,0.90625,0.90625,0.9375,0.9375,0.96875,           973P   2245
0.96875,1.,1.,1.,1.,1.,1.,1.,1.,1.,1.,1.,1.,1.,1.,1.,1.,1.,1.,       973P   2246
1.,1.,1.,1.,1.,1.,1.,1.,1.,1.,1.,1.,1.,1.,1.,1.,1.,1.,1.,1.,1.,      973P   2247
1.,1.,1.,1.,1.,1.,1.,1.,1.,1.,1.,1.,1.,1.,1.,1.,1.,1.,1.,1.,1.,      973P   2248
1.,1.,1.,1.,1.,1.,1.,1.,0.5,0.969367589,0.,0.523058551,              973P   2249
0.969367589,0.,0.546006069,0.967107456,0.,0.568953587,               973P   2250
0.964847322,0.,0.591569074,0.960348822,0.,0.614184562,               973P   2251
0.955850322,0.,0.636250219,0.949156778,0.,0.658315877,               973P   2252
0.942463234,0.,0.6796192,0.933639109,0.,0.700922523,                 973P   2253
0.924814983,0.,0.72125835,0.913945257,0.,0.741594176,                973P   2254
0.903075532,0.,0.760766661,0.890264887,0.,0.779939145,               973P   2255
0.877454243,0.,0.797763646,0.862826053,0.,0.815588147,               973P   2256
0.848197863,0.,0.831893005,0.831893005,0.,0.848197863,               973P   2257
0.815588147,0.,0.862826053,0.797763646,0.,0.877454243,               973P   2258
0.779939145,0.,0.890264887,0.760766661,0.,0.903075532,               973P   2259
0.741594176,0.,0.913945257,0.72125835,0.,0.924814983,                973P   2260
0.700922523,0.,0.933639109,0.6796192,0.,0.942463234,                 973P   2261
0.658315877,0.,0.949156778,0.636250219,0.,0.955850322,               973P   2262
0.614184562,0.,0.960348822,0.591569074,0.,0.964847322,               973P   2263
0.568953587,0.,0.967107456,0.546006069,0.,0.969367589,               973P   2264
0.523058551,0.,0.969367589,0.5,0.,0.969367589,0.476941449,0.,        973P   2265
0.967107456,0.453993931,0.,0.964847322,0.431046413,0.,               973P   2266
0.960348822,0.408430926,0.,0.955850322,0.385815438,0.,               973P   2267
0.949156778,0.363749781,0.,0.942463234,0.341684123,0.,               973P   2268
0.933639109,0.3203808,0.,0.924814983,0.299077477,0.,                 973P   2269
0.913945257,0.27874165,0.,0.903075532,0.258405824,0.,                973P   2270
0.890264887,0.239233339,0.,0.877454243,0.220060855,0.,               973P   2271
0.862826053,0.202236354,0.,0.848197863,0.184411853,0.,               973P   2272
0.831893005,0.168106995,0.,0.815588147,0.151802137,0.,               973P   2273
0.797763646,0.137173947,0.,0.779939145,0.122545757,0.,               973P   2274
0.760766661,0.109735113,0.,0.741594176,0.096924468,0.,               973P   2275
0.72125835,0.086054743,0.,0.700922523,0.075185017,0.,0.6796192,      973P   2276
0.066360891,0.,0.658315877,0.057536766,0.,0.636250219,               973P   2277
0.050843222,0.,0.614184562,0.044149678,0.,0.591569074,               973P   2278
0.039651178,0.,0.568953587,0.035152678,0.,0.546006069,               973P   2279
0.032892544,0.,0.523058551,0.030632411,0.,0.5,0.030632411,0.,        973P   2280
0.,1.,0.,0.,1.;                                                      973P   2281
126,3,3,1,0,0,0,0.,0.,0.,0.,1.,1.,1.,1.,1.,0.333333333333333,        975P   2282
0.333333333333333,1.,0.,105.184550937,76.,152.,23.835197718,         975P   2283
76.,152.,23.835197718,-76.,0.,105.184550937,-76.,0.,1.,              975P   2284
-0.471864337,-0.881671167,0.;                                        975P   2285
102,2,969,973;                                                       977P   2286
102,2,971,975;                                                       979P   2287
142,1,953,977,979,1;                                                 981P   2288
144,953,1,1,967,981;                                                 983P   2289
128,1,1,1,1,0,0,1,0,0,0.,0.,1.,1.,0.,0.,1.,1.,1.,1.,1.,1.,           985P   2290
-76.912,4.,-76.912,-76.912,4.,76.912,76.912,4.,-76.912,76.912,       985P   2291
4.,76.912,0.,1.,0.,1.;                                               985P   2292
126,64,2,1,0,1,0,0.,0.,0.,0.03125,0.03125,0.0625,0.0625,             987P   2293
0.09375,0.09375,0.125,0.125,0.15625,0.15625,0.1875,0.1875,           987P   2294
0.21875,0.21875,0.25,0.25,0.28125,0.28125,0.3125,0.3125,             987P   2295
0.34375,0.34375,0.375,0.375,0.40625,0.40625,0.4375,0.4375,           987P   2296
0.46875,0.46875,0.5,0.5,0.53125,0.53125,0.5625,0.5625,0.59375,       987P   2297
0.59375,0.625,0.625,0.65625,0.65625,0.6875,0.6875,0.71875,           987P   2298
0.71875,0.75,0.75,0.78125,0.78125,0.8125,0.8125,0.84375,             987P   2299
0.84375,0.875,0.875,0.90625,0.90625,0.9375,0.9375,0.96875,           987P   2300
0.96875,1.,1.,1.,1.,1.,1.,1.,1.,1.,1.,1.,1.,1.,1.,1.,1.,1.,1.,       987P   2301
1.,1.,1.,1.,1.,1.,1.,1.,1.,1.,1.,1.,1.,1.,1.,1.,1.,1.,1.,1.,1.,      987P   2302
1.,1.,1.,1.,1.,1.,1.,1.,1.,1.,1.,1.,1.,1.,1.,1.,1.,1.,1.,1.,1.,      987P   2303
1.,1.,1.,1.,1.,1.,1.,1.,0.005928854,0.5,0.,0.005928854,              987P   2304
0.475727841,0.,0.008307941,0.451572559,0.,0.010687029,               987P   2305
0.427417277,0.,0.015422292,0.403611501,0.,0.020157556,               987P   2306
0.379805725,0.,0.027203391,0.356578717,0.,0.034249227,               987P   2307
0.333351709,0.,0.04353778,0.310927158,0.,0.052826333,                987P   2308
0.288502607,0.,0.06426815,0.267096474,0.,0.075709967,                987P   2309
0.245690341,0.,0.089194856,0.225508778,0.,0.102679745,               987P   2310
0.205327216,0.,0.118077839,0.186564583,0.,0.133475934,               987P   2311
0.16780195,0.,0.150638942,0.150638942,0.,0.16780195,                 987P   2312
0.133475934,0.,0.186564583,0.118077839,0.,0.205327216,               987P   2313
0.102679745,0.,0.225508778,0.089194856,0.,0.245690341,               987P   2314
0.075709967,0.,0.267096474,0.06426815,0.,0.288502607,                987P   2315
0.052826333,0.,0.310927158,0.04353778,0.,0.333351709,                987P   2316
0.034249227,0.,0.356578717,0.027203391,0.,0.379805725,               987P   2317
0.020157556,0.,0.403611501,0.015422292,0.,0.427417277,               987P   2318
0.010687029,0.,0.451572559,0.008307941,0.,0.475727841,               987P   2319
0.005928854,0.,0.5,0.005928854,0.,0.524272159,0.005928854,0.,        987P   2320
0.548427441,0.008307941,0.,0.572582723,0.010687029,0.,               987P   2321
0.596388499,0.015422292,0.,0.620194275,0.020157556,0.,               987P   2322
0.643421283,0.027203391,0.,0.666648291,0.034249227,0.,               987P   2323
0.689072842,0.04353778,0.,0.711497393,0.052826333,0.,                987P   2324
0.732903526,0.06426815,0.,0.754309659,0.075709967,0.,                987P   2325
0.774491222,0.089194856,0.,0.794672784,0.102679745,0.,               987P   2326
0.813435417,0.118077839,0.,0.83219805,0.133475934,0.,                987P   2327
0.849361058,0.150638942,0.,0.866524066,0.16780195,0.,                987P   2328
0.881922161,0.186564583,0.,0.897320255,0.205327216,0.,               987P   2329
0.910805144,0.225508778,0.,0.924290033,0.245690341,0.,               987P   2330
0.93573185,0.267096474,0.,0.947173667,0.288502607,0.,                987P   2331
0.95646222,0.310927158,0.,0.965750773,0.333351709,0.,                987P   2332
0.972796609,0.356578717,0.,0.979842444,0.379805725,0.,               987P   2333
0.984577708,0.403611501,0.,0.989312971,0.427417277,0.,               987P   2334
0.991692059,0.451572559,0.,0.994071146,0.475727841,0.,               987P   2335
0.994071146,0.5,0.,0.,1.,0.,0.,-1.;                                  987P   2336
124,6.12323399573677E-17,-1.,0.,4.,6.12323399573677E-17,             989P   2337
3.74939945665464E-33,1.,4.,-1.,-6.12323399573677E-17,                989P   2338
6.12323399573677E-17,2.44929359829471E-16;                           989P   2339
100,0.,0.,4.,76.,4.,-76.,4.;                                         991P   2340
126,64,2,1,0,1,0,0.,0.,0.,0.03125,0.03125,0.0625,0.0625,             993P   2341
0.09375,0.09375,0.125,0.125,0.15625,0.15625,0.1875,0.1875,           993P   2342
0.21875,0.21875,0.25,0.25,0.28125,0.28125,0.3125,0.3125,             993P   2343
0.34375,0.34375,0.375,0.375,0.40625,0.40625,0.4375,0.4375,           993P   2344
0.46875,0.46875,0.5,0.5,0.53125,0.53125,0.5625,0.5625,0.59375,       993P   2345
0.59375,0.625,0.625,0.65625,0.65625,0.6875,0.6875,0.71875,           993P   2346
0.71875,0.75,0.75,0.78125,0.78125,0.8125,0.8125,0.84375,             993P   2347
0.84375,0.875,0.875,0.90625,0.90625,0.9375,0.9375,0.96875,           993P   2348
0.96875,1.,1.,1.,1.,1.,1.,1.,1.,1.,1.,1.,1.,1.,1.,1.,1.,1.,1.,       993P   2349
1.,1.,1.,1.,1.,1.,1.,1.,1.,1.,1.,1.,1.,1.,1.,1.,1.,1.,1.,1.,1.,      993P   2350
1.,1.,1.,1.,1.,1.,1.,1.,1.,1.,1.,1.,1.,1.,1.,1.,1.,1.,1.,1.,1.,      993P   2351
1.,1.,1.,1.,1.,1.,1.,1.,0.994071146,0.5,0.,0.994071146,              993P   2352
0.524272159,0.,0.991692059,0.548427441,0.,0.989312971,               993P   2353
0.572582723,0.,0.984577708,0.596388499,0.,0.979842444,               993P   2354
0.620194275,0.,0.972796609,0.643421283,0.,0.965750773,               993P   2355
0.666648291,0.,0.95646222,0.689072842,0.,0.947173667,                993P   2356
0.711497393,0.,0.93573185,0.732903526,0.,0.924290033,                993P   2357
0.754309659,0.,0.910805144,0.774491222,0.,0.897320255,               993P   2358
0.794672784,0.,0.881922161,0.813435417,0.,0.866524066,               993P   2359
0.83219805,0.,0.849361058,0.849361058,0.,0.83219805,                 993P   2360
0.866524066,0.,0.813435417,0.881922161,0.,0.794672784,               993P   2361
0.897320255,0.,0.774491222,0.910805144,0.,0.754309659,               993P   2362
0.924290033,0.,0.732903526,0.93573185,0.,0.711497393,                993P   2363
0.947173667,0.,0.689072842,0.95646222,0.,0.666648291,                993P   2364
0.965750773,0.,0.643421283,0.972796609,0.,0.620194275,               993P   2365
0.979842444,0.,0.596388499,0.984577708,0.,0.572582723,               993P   2366
0.989312971,0.,0.548427441,0.991692059,0.,0.524272159,               993P   2367
0.994071146,0.,0.5,0.994071146,0.,0.475727841,0.994071146,0.,        993P   2368
0.451572559,0.991692059,0.,0.427417277,0.989312971,0.,               993P   2369
0.403611501,0.984577708,0.,0.379805725,0.979842444,0.,               993P   2370
0.356578717,0.972796609,0.,0.333351709,0.965750773,0.,               993P   2371
0.310927158,0.95646222,0.,0.288502607,0.947173667,0.,                993P   2372
0.267096474,0.93573185,0.,0.245690341,0.924290033,0.,                993P   2373
0.225508778,0.910805144,0.,0.205327216,0.897320255,0.,               993P   2374
0.186564583,0.881922161,0.,0.16780195,0.866524066,0.,                993P   2375
0.150638942,0.849361058,0.,0.133475934,0.83219805,0.,                993P   2376
0.118077839,0.813435417,0.,0.102679745,0.794672784,0.,               993P   2377
0.089194856,0.774491222,0.,0.075709967,0.754309659,0.,               993P   2378
0.06426815,0.732903526,0.,0.052826333,0.711497393,0.,                993P   2379
0.04353778,0.689072842,0.,0.034249227,0.666648291,0.,                993P   2380
0.027203391,0.643421283,0.,0.020157556,0.620194275,0.,               993P   2381
0.015422292,0.596388499,0.,0.010687029,0.572582723,0.,               993P   2382
0.008307941,0.548427441,0.,0.005928854,0.524272159,0.,               993P   2383
0.005928854,0.5,0.,0.,1.,0.,0.,-1.;                                  993P   2384
124,1.40271576953299E-14,1.,0.,-4.,-6.12323399573677E-17,            995P   2385
8.58915688636046E-31,1.,4.,1.,-1.40271576953299E-14,                 995P   2386
6.12323399573677E-17,5.61086307813197E-14;                           995P   2387
100,0.,0.,4.,76.,4.,-76.,4.;                                         997P   2388
102,2,987,993;                                                       999P   2389
102,2,991,997;                                                      1001P   2390
142,1,985,999,1001,1;                                               1003P   2391
144,985,1,0,1003;                                                   1005P   2392
110,0.,148.,0.,0.,-852.,0.;                                         1007P   2393
110,0.,105.791658243,-76.,0.,4.,-76.;                               1009P   2394
120,1007,1009,0.,6.28318530717959;                                  1011P   2395
126,1,1,1,0,1,0,0.,0.,1.,1.,1.,1.,1.,3.141592654,0.,1.,0.,0.,       1013P   2396
0.,1.,0.,0.,1.;                                                     1013P   2397
124,1.40271576953299E-14,1.,0.,-4.,-6.12323399573677E-17,           1015P   2398
8.58915688636046E-31,1.,4.,1.,-1.40271576953299E-14,                1015P   2399
6.12323399573677E-17,5.61086307813197E-14;                          1015P   2400
100,0.,0.,4.,76.,4.,-76.,4.;                                        1017P   2401
126,1,1,1,0,1,0,0.,0.,1.,1.,1.,1.,1.,0.,0.,0.005964215,0.,0.,       1019P   2402
0.,1.,0.,0.,1.;                                                     1019P   2403
110,0.,4.,-76.,0.,105.184550937,-76.;                               1021P   2404
126,60,2,1,0,1,0,0.,0.,0.,0.015625,0.015625,0.03125,0.03125,        1023P   2405
0.0625,0.0625,0.09375,0.09375,0.125,0.125,0.15625,0.15625,          1023P   2406
0.1875,0.1875,0.21875,0.21875,0.25,0.25,0.28125,0.28125,0.3125,     1023P   2407
0.3125,0.34375,0.34375,0.375,0.375,0.4375,0.4375,0.5,0.5,           1023P   2408
0.5625,0.5625,0.625,0.625,0.65625,0.65625,0.6875,0.6875,            1023P   2409
0.71875,0.71875,0.75,0.75,0.78125,0.78125,0.8125,0.8125,            1023P   2410
0.84375,0.84375,0.875,0.875,0.90625,0.90625,0.9375,0.9375,          1023P   2411
0.96875,0.96875,0.984375,0.984375,1.,1.,1.,1.,1.,1.,1.,1.,1.,       1023P   2412
1.,1.,1.,1.,1.,1.,1.,1.,1.,1.,1.,1.,1.,1.,1.,1.,1.,1.,1.,1.,1.,     1023P   2413
1.,1.,1.,1.,1.,1.,1.,1.,1.,1.,1.,1.,1.,1.,1.,1.,1.,1.,1.,1.,1.,     1023P   2414
1.,1.,1.,1.,1.,1.,1.,1.,1.,1.,1.,1.,1.,0.005964215,0.,0.,           1023P   2415
0.019040161,0.032723609,0.,0.025571045,0.049087385,0.,              1023P   2416
0.036453054,0.076353334,0.,0.045130641,0.09817477,0.,               1023P   2417
0.06680446,0.152677696,0.,0.083919873,0.196349541,0.,               1023P   2418
0.104414555,0.248643957,0.,0.12195835,0.294524311,0.,               1023P   2419
0.141586949,0.345856824,0.,0.15887974,0.392699082,0.,               1023P   2420
0.177628393,0.443484943,0.,0.194328469,0.490873852,0.,              1023P   2421
0.212099409,0.541301495,0.,0.227963148,0.589048623,0.,              1023P   2422
0.244632052,0.639219159,0.,0.259459856,0.687223393,0.,              1023P   2423
0.274896002,0.737197105,0.,0.288515262,0.785398163,0.,              1023P   2424
0.302590676,0.835213635,0.,0.314849547,0.883572934,0.,              1023P   2425
0.327444014,0.933256101,0.,0.338209098,0.981747704,0.,              1023P   2426
0.349213335,1.031316581,0.,0.358368948,1.079922475,0.,              1023P   2427
0.367686825,1.129389802,0.,0.375134949,1.178097245,0.,              1023P   2428
0.39029652,1.277247223,0.,0.397873776,1.374446786,0.,               1023P   2429
0.405551738,1.472938189,0.,0.405551738,1.570796327,0.,              1023P   2430
0.405551738,1.668654464,0.,0.397873776,1.767145868,0.,              1023P   2431
0.39029652,1.864345431,0.,0.375134949,1.963495408,0.,               1023P   2432
0.367686825,2.012202852,0.,0.358368948,2.061670179,0.,              1023P   2433
0.349213335,2.110276073,0.,0.338209098,2.159844949,0.,              1023P   2434
0.327444014,2.208336552,0.,0.314849547,2.25801972,0.,               1023P   2435
0.302590676,2.306379019,0.,0.288515262,2.35619449,0.,               1023P   2436
0.274896002,2.404395549,0.,0.259459856,2.454369261,0.,              1023P   2437
0.244632052,2.502373495,0.,0.227963148,2.552544031,0.,              1023P   2438
0.212099409,2.600291159,0.,0.194328469,2.650718801,0.,              1023P   2439
0.177628393,2.69810771,0.,0.15887974,2.748893572,0.,                1023P   2440
0.141586949,2.795735829,0.,0.12195835,2.847068342,0.,               1023P   2441
0.104414555,2.892948696,0.,0.083919873,2.945243113,0.,              1023P   2442
0.06680446,2.988914958,0.,0.045130641,3.043417883,0.,               1023P   2443
0.036453054,3.06523932,0.,0.025571045,3.092505268,0.,               1023P   2444
0.019040161,3.108869044,0.,0.005964215,3.141592654,0.,0.,1.,0.,     1023P   2445
0.,1.;                                                              1023P   2446
126,3,3,1,0,0,0,0.,0.,0.,0.,1.,1.,1.,1.,1.,0.333333333333333,       1025P   2447
0.333333333333333,1.,0.,105.184550937,-76.,152.,23.835197718,       1025P   2448
-76.,152.,23.835197718,76.,0.,105.184550937,76.,0.,1.,              1025P   2449
0.471864337,0.881671167,0.;                                         1025P   2450
126,1,1,1,0,1,0,0.,0.,1.,1.,1.,1.,0.005964215,3.141592654,0.,       1027P   2451
1.,3.141592654,0.,0.,1.,0.,0.,1.;                                   1027P   2452
110,0.,105.184550937,76.,0.,4.,76.;                                 1029P   2453
102,4,1013,1019,1023,1027;                                          1031P   2454
102,4,1017,1021,1025,1029;                                          1033P   2455
142,1,1011,1031,1033,1;                                             1035P   2456
144,1011,1,0,1035;                                                  1037P   2457
110,0.,-46.,0.,0.,954.,0.;                                          1039P   2458
110,0.,-46.,20.,0.,0.,20.;                                          1041P   2459
120,1039,1041,0.,6.28318530717959;                                  1043P   2460
126,1,1,1,0,1,0,0.,0.,1.,1.,1.,1.,0.,6.283185307,0.,1.,             1045P   2461
6.283185307,0.,0.,1.,0.,0.,1.;                                      1045P   2462
110,0.,-46.,20.,0.,0.,20.;                                          1047P   2463
126,1,1,1,0,1,0,0.,0.,1.,1.,1.,1.,1.,6.283185307,0.,1.,             1049P   2464
3.141592654,0.,0.,1.,0.,0.,1.;                                      1049P   2465
124,6.12323399573677E-17,-1.,0.,0.,6.12323399573677E-17,            1051P   2466
3.74939945665464E-33,-1.,0.,1.,6.12323399573677E-17,                1051P   2467
6.12323399573677E-17,0.;                                            1051P   2468
100,0.,0.,0.,20.,0.,-20.,0.;                                        1053P   2469
126,1,1,1,0,1,0,0.,0.,1.,1.,1.,1.,1.,3.141592654,0.,0.,             1055P   2470
3.141592654,0.,0.,1.,0.,0.,1.;                                      1055P   2471
110,0.,0.,-20.,0.,-46.,-20.;                                        1057P   2472
126,1,1,1,0,1,0,0.,0.,1.,1.,1.,1.,0.,3.141592654,0.,0.,             1059P   2473
6.283185307,0.,0.,1.,0.,0.,1.;                                      1059P   2474
124,6.12323399573677E-17,-1.,0.,-46.,6.12323399573677E-17,          1061P   2475
3.74939945665464E-33,1.,-46.,-1.,-6.12323399573677E-17,             1061P   2476
6.12323399573677E-17,-2.81668763803891E-15;                         1061P   2477
100,0.,0.,-46.,20.,-46.,-20.,-46.;                                  1063P   2478
102,4,1045,1049,1055,1059;                                          1065P   2479
102,4,1047,1053,1057,1063;                                          1067P   2480
142,1,1043,1065,1067,1;                                             1069P   2481
144,1043,1,0,1069;                                                  1071P   2482
110,0.,-46.,0.,0.,954.,0.;                                          1073P   2483
110,0.,-46.,23.5,0.,0.,23.5;                                        1075P   2484
120,1073,1075,0.,6.28318530717959;                                  1077P   2485
126,1,1,1,0,1,0,0.,0.,1.,1.,1.,1.,0.,0.,0.,0.,3.141592654,0.,       1079P   2486
0.,1.,0.,0.,1.;                                                     1079P   2487
124,1.40271576953299E-14,1.,0.,46.,-6.12323399573677E-17,           1081P   2488
8.58915688636046E-31,1.,-46.,1.,-1.40271576953299E-14,              1081P   2489
6.12323399573677E-17,-6.45249253985175E-13;                         1081P   2490
100,0.,0.,-46.,23.5,-46.,-23.5,-46.;                                1083P   2491
126,1,1,1,0,1,0,0.,0.,1.,1.,1.,1.,0.,3.141592654,0.,1.,             1085P   2492
3.141592654,0.,0.,1.,0.,0.,1.;                                      1085P   2493
110,0.,-46.,-23.5,0.,0.,-23.5;                                      1087P   2494
126,1,1,1,0,1,0,0.,0.,1.,1.,1.,1.,1.,3.141592654,0.,1.,0.,0.,       1089P   2495
0.,1.,0.,0.,1.;                                                     1089P   2496
124,1.40271576953299E-14,1.,0.,0.,-6.12323399573677E-17,            1091P   2497
8.58915688636046E-31,-1.,0.,-1.,1.40271576953299E-14,               1091P   2498
6.12323399573677E-17,0.;                                            1091P   2499
100,0.,0.,0.,23.5,0.,-23.5,0.;                                      1093P   2500
126,1,1,1,0,1,0,0.,0.,1.,1.,1.,1.,1.,0.,0.,0.,0.,0.,0.,1.,0.,       1095P   2501
0.,1.;                                                              1095P   2502
110,0.,0.,23.5,0.,-46.,23.5;                                        1097P   2503
102,4,1079,1085,1089,1095;                                          1099P   2504
102,4,1083,1087,1093,1097;                                          1101P   2505
142,1,1077,1099,1101,1;                                             1103P   2506
144,1077,1,0,1103;                                                  1105P   2507
128,1,1,1,1,0,0,1,0,0,0.,0.,1.,1.,0.,0.,1.,1.,1.,1.,1.,1.,          1107P   2508
-23.782,-46.,23.782,-23.782,-46.,-23.782,23.782,-46.,23.782,        1107P   2509
23.782,-46.,-23.782,0.,1.,0.,1.;                                    1107P   2510
126,64,2,1,0,1,0,0.,0.,0.,0.03125,0.03125,0.0625,0.0625,            1109P   2511
0.09375,0.09375,0.125,0.125,0.15625,0.15625,0.1875,0.1875,          1109P   2512
0.21875,0.21875,0.25,0.25,0.28125,0.28125,0.3125,0.3125,            1109P   2513
0.34375,0.34375,0.375,0.375,0.40625,0.40625,0.4375,0.4375,          1109P   2514
0.46875,0.46875,0.5,0.5,0.53125,0.53125,0.5625,0.5625,0.59375,      1109P   2515
0.59375,0.625,0.625,0.65625,0.65625,0.6875,0.6875,0.71875,          1109P   2516
0.71875,0.75,0.75,0.78125,0.78125,0.8125,0.8125,0.84375,            1109P   2517
0.84375,0.875,0.875,0.90625,0.90625,0.9375,0.9375,0.96875,          1109P   2518
0.96875,1.,1.,1.,1.,1.,1.,1.,1.,1.,1.,1.,1.,1.,1.,1.,1.,1.,1.,      1109P   2519
1.,1.,1.,1.,1.,1.,1.,1.,1.,1.,1.,1.,1.,1.,1.,1.,1.,1.,1.,1.,1.,     1109P   2520
1.,1.,1.,1.,1.,1.,1.,1.,1.,1.,1.,1.,1.,1.,1.,1.,1.,1.,1.,1.,1.,     1109P   2521
1.,1.,1.,1.,1.,1.,1.,1.,0.005928854,0.5,0.,0.005928854,             1109P   2522
0.475727841,0.,0.008307941,0.451572559,0.,0.010687029,              1109P   2523
0.427417277,0.,0.015422292,0.403611501,0.,0.020157556,              1109P   2524
0.379805725,0.,0.027203391,0.356578717,0.,0.034249227,              1109P   2525
0.333351709,0.,0.04353778,0.310927158,0.,0.052826333,               1109P   2526
0.288502607,0.,0.06426815,0.267096474,0.,0.075709967,               1109P   2527
0.245690341,0.,0.089194856,0.225508778,0.,0.102679745,              1109P   2528
0.205327216,0.,0.118077839,0.186564583,0.,0.133475934,              1109P   2529
0.16780195,0.,0.150638942,0.150638942,0.,0.16780195,                1109P   2530
0.133475934,0.,0.186564583,0.118077839,0.,0.205327216,              1109P   2531
0.102679745,0.,0.225508778,0.089194856,0.,0.245690341,              1109P   2532
0.075709967,0.,0.267096474,0.06426815,0.,0.288502607,               1109P   2533
0.052826333,0.,0.310927158,0.04353778,0.,0.333351709,               1109P   2534
0.034249227,0.,0.356578717,0.027203391,0.,0.379805725,              1109P   2535
0.020157556,0.,0.403611501,0.015422292,0.,0.427417277,              1109P   2536
0.010687029,0.,0.451572559,0.008307941,0.,0.475727841,              1109P   2537
0.005928854,0.,0.5,0.005928854,0.,0.524272159,0.005928854,0.,       1109P   2538
0.548427441,0.008307941,0.,0.572582723,0.010687029,0.,              1109P   2539
0.596388499,0.015422292,0.,0.620194275,0.020157556,0.,              1109P   2540
0.643421283,0.027203391,0.,0.666648291,0.034249227,0.,              1109P   2541
0.689072842,0.04353778,0.,0.711497393,0.052826333,0.,               1109P   2542
0.732903526,0.06426815,0.,0.754309659,0.075709967,0.,               1109P   2543
0.774491222,0.089194856,0.,0.794672784,0.102679745,0.,              1109P   2544
0.813435417,0.118077839,0.,0.83219805,0.133475934,0.,               1109P   2545
0.849361058,0.150638942,0.,0.866524066,0.16780195,0.,               1109P   2546
0.881922161,0.186564583,0.,0.897320255,0.205327216,0.,              1109P   2547
0.910805144,0.225508778,0.,0.924290033,0.245690341,0.,              1109P   2548
0.93573185,0.267096474,0.,0.947173667,0.288502607,0.,               1109P   2549
0.95646222,0.310927158,0.,0.965750773,0.333351709,0.,               1109P   2550
0.972796609,0.356578717,0.,0.979842444,0.379805725,0.,              1109P   2551
0.984577708,0.403611501,0.,0.989312971,0.427417277,0.,              1109P   2552
0.991692059,0.451572559,0.,0.994071146,0.475727841,0.,              1109P   2553
0.994071146,0.5,0.,0.,1.,0.,0.,-1.;                                 1109P   2554
124,6.12323399573677E-17,-1.,0.,-46.,6.12323399573677E-17,          1111P   2555
3.74939945665464E-33,-1.,-46.,1.,6.12323399573677E-17,              1111P   2556
6.12323399573677E-17,2.81668763803891E-15;                          1111P   2557
100,0.,0.,-46.,23.5,-46.,-23.5,-46.;                                1113P   2558
126,64,2,1,0,1,0,0.,0.,0.,0.03125,0.03125,0.0625,0.0625,            1115P   2559
0.09375,0.09375,0.125,0.125,0.15625,0.15625,0.1875,0.1875,          1115P   2560
0.21875,0.21875,0.25,0.25,0.28125,0.28125,0.3125,0.3125,            1115P   2561
0.34375,0.34375,0.375,0.375,0.40625,0.40625,0.4375,0.4375,          1115P   2562
0.46875,0.46875,0.5,0.5,0.53125,0.53125,0.5625,0.5625,0.59375,      1115P   2563
0.59375,0.625,0.625,0.65625,0.65625,0.6875,0.6875,0.71875,          1115P   2564
0.71875,0.75,0.75,0.78125,0.78125,0.8125,0.8125,0.84375,            1115P   2565
0.84375,0.875,0.875,0.90625,0.90625,0.9375,0.9375,0.96875,          1115P   2566
0.96875,1.,1.,1.,1.,1.,1.,1.,1.,1.,1.,1.,1.,1.,1.,1.,1.,1.,1.,      1115P   2567
1.,1.,1.,1.,1.,1.,1.,1.,1.,1.,1.,1.,1.,1.,1.,1.,1.,1.,1.,1.,1.,     1115P   2568
1.,1.,1.,1.,1.,1.,1.,1.,1.,1.,1.,1.,1.,1.,1.,1.,1.,1.,1.,1.,1.,     1115P   2569
1.,1.,1.,1.,1.,1.,1.,1.,0.994071146,0.5,0.,0.994071146,             1115P   2570
0.524272159,0.,0.991692059,0.548427441,0.,0.989312971,              1115P   2571
0.572582723,0.,0.984577708,0.596388499,0.,0.979842444,              1115P   2572
0.620194275,0.,0.972796609,0.643421283,0.,0.965750773,              1115P   2573
0.666648291,0.,0.95646222,0.689072842,0.,0.947173667,               1115P   2574
0.711497393,0.,0.93573185,0.732903526,0.,0.924290033,               1115P   2575
0.754309659,0.,0.910805144,0.774491222,0.,0.897320255,              1115P   2576
0.794672784,0.,0.881922161,0.813435417,0.,0.866524066,              1115P   2577
0.83219805,0.,0.849361058,0.849361058,0.,0.83219805,                1115P   2578
0.866524066,0.,0.813435417,0.881922161,0.,0.794672784,              1115P   2579
0.897320255,0.,0.774491222,0.910805144,0.,0.754309659,              1115P   2580
0.924290033,0.,0.732903526,0.93573185,0.,0.711497393,               1115P   2581
0.947173667,0.,0.689072842,0.95646222,0.,0.666648291,               1115P   2582
0.965750773,0.,0.643421283,0.972796609,0.,0.620194275,              1115P   2583
0.979842444,0.,0.596388499,0.984577708,0.,0.572582723,              1115P   2584
0.989312971,0.,0.548427441,0.991692059,0.,0.524272159,              1115P   2585
0.994071146,0.,0.5,0.994071146,0.,0.475727841,0.994071146,0.,       1115P   2586
0.451572559,0.991692059,0.,0.427417277,0.989312971,0.,              1115P   2587
0.403611501,0.984577708,0.,0.379805725,0.979842444,0.,              1115P   2588
0.356578717,0.972796609,0.,0.333351709,0.965750773,0.,              1115P   2589
0.310927158,0.95646222,0.,0.288502607,0.947173667,0.,               1115P   2590
0.267096474,0.93573185,0.,0.245690341,0.924290033,0.,               1115P   2591
0.225508778,0.910805144,0.,0.205327216,0.897320255,0.,              1115P   2592
0.186564583,0.881922161,0.,0.16780195,0.866524066,0.,               1115P   2593
0.150638942,0.849361058,0.,0.133475934,0.83219805,0.,               1115P   2594
0.118077839,0.813435417,0.,0.102679745,0.794672784,0.,              1115P   2595
0.089194856,0.774491222,0.,0.075709967,0.754309659,0.,              1115P   2596
0.06426815,0.732903526,0.,0.052826333,0.711497393,0.,               1115P   2597
0.04353778,0.689072842,0.,0.034249227,0.666648291,0.,               1115P   2598
0.027203391,0.643421283,0.,0.020157556,0.620194275,0.,              1115P   2599
0.015422292,0.596388499,0.,0.010687029,0.572582723,0.,              1115P   2600
0.008307941,0.548427441,0.,0.005928854,0.524272159,0.,              1115P   2601
0.005928854,0.5,0.,0.,1.,0.,0.,-1.;                                 1115P   2602
124,1.40271576953299E-14,1.,0.,46.,-6.12323399573677E-17,           1117P   2603
8.58915688636046E-31,-1.,-46.,-1.,1.40271576953299E-14,             1117P   2604
6.12323399573677E-17,6.45249253985175E-13;                          1117P   2605
100,0.,0.,-46.,23.5,-46.,-23.5,-46.;                                1119P   2606
102,2,1109,1115;                                                    1121P   2607
102,2,1113,1119;                                                    1123P   2608
142,1,1107,1121,1123,1;                                             1125P   2609
126,64,2,1,0,1,0,0.,0.,0.,0.03125,0.03125,0.0625,0.0625,            1127P   2610
0.09375,0.09375,0.125,0.125,0.15625,0.15625,0.1875,0.1875,          1127P   2611
0.21875,0.21875,0.25,0.25,0.28125,0.28125,0.3125,0.3125,            1127P   2612
0.34375,0.34375,0.375,0.375,0.40625,0.40625,0.4375,0.4375,          1127P   2613
0.46875,0.46875,0.5,0.5,0.53125,0.53125,0.5625,0.5625,0.59375,      1127P   2614
0.59375,0.625,0.625,0.65625,0.65625,0.6875,0.6875,0.71875,          1127P   2615
0.71875,0.75,0.75,0.78125,0.78125,0.8125,0.8125,0.84375,            1127P   2616
0.84375,0.875,0.875,0.90625,0.90625,0.9375,0.9375,0.96875,          1127P   2617
0.96875,1.,1.,1.,1.,1.,1.,1.,1.,1.,1.,1.,1.,1.,1.,1.,1.,1.,1.,      1127P   2618
1.,1.,1.,1.,1.,1.,1.,1.,1.,1.,1.,1.,1.,1.,1.,1.,1.,1.,1.,1.,1.,     1127P   2619
1.,1.,1.,1.,1.,1.,1.,1.,1.,1.,1.,1.,1.,1.,1.,1.,1.,1.,1.,1.,1.,     1127P   2620
1.,1.,1.,1.,1.,1.,1.,1.,0.920486082,0.5,0.,0.920486082,             1127P   2621
0.479342843,0.,0.918461326,0.458785157,0.,0.916436571,              1127P   2622
0.43822747,0.,0.91240656,0.417967235,0.,0.908376548,0.397707,       1127P   2623
0.,0.902380092,0.377939333,0.,0.896383636,0.358171667,0.,           1127P   2624
0.888478485,0.339086943,0.,0.880573333,0.320002219,0.,              1127P   2625
0.870835617,0.301784233,0.,0.861097901,0.283566247,0.,              1127P   2626
0.8496214,0.266390449,0.,0.838144898,0.249214652,0.,                1127P   2627
0.825040137,0.233246454,0.,0.811935375,0.217278256,0.,              1127P   2628
0.79732856,0.20267144,0.,0.782721744,0.188064625,0.,                1127P   2629
0.766753546,0.174959863,0.,0.750785348,0.161855102,0.,              1127P   2630
0.733609551,0.1503786,0.,0.716433753,0.138902099,0.,                1127P   2631
0.698215767,0.129164383,0.,0.679997781,0.119426667,0.,              1127P   2632
0.660913057,0.111521515,0.,0.641828333,0.103616364,0.,              1127P   2633
0.622060667,0.097619908,0.,0.602293,0.091623452,0.,0.582032765,     1127P   2634
0.08759344,0.,0.56177253,0.083563429,0.,0.541214843,                1127P   2635
0.081538674,0.,0.520657157,0.079513918,0.,0.5,0.079513918,0.,       1127P   2636
0.479342843,0.079513918,0.,0.458785157,0.081538674,0.,              1127P   2637
0.43822747,0.083563429,0.,0.417967235,0.08759344,0.,0.397707,       1127P   2638
0.091623452,0.,0.377939333,0.097619908,0.,0.358171667,              1127P   2639
0.103616364,0.,0.339086943,0.111521515,0.,0.320002219,              1127P   2640
0.119426667,0.,0.301784233,0.129164383,0.,0.283566247,              1127P   2641
0.138902099,0.,0.266390449,0.1503786,0.,0.249214652,                1127P   2642
0.161855102,0.,0.233246454,0.174959863,0.,0.217278256,              1127P   2643
0.188064625,0.,0.20267144,0.20267144,0.,0.188064625,                1127P   2644
0.217278256,0.,0.174959863,0.233246454,0.,0.161855102,              1127P   2645
0.249214652,0.,0.1503786,0.266390449,0.,0.138902099,                1127P   2646
0.283566247,0.,0.129164383,0.301784233,0.,0.119426667,              1127P   2647
0.320002219,0.,0.111521515,0.339086943,0.,0.103616364,              1127P   2648
0.358171667,0.,0.097619908,0.377939333,0.,0.091623452,0.397707,     1127P   2649
0.,0.08759344,0.417967235,0.,0.083563429,0.43822747,0.,             1127P   2650
0.081538674,0.458785157,0.,0.079513918,0.479342843,0.,              1127P   2651
0.079513918,0.5,0.,0.,1.,0.,0.,1.;                                  1127P   2652
124,6.12323399573677E-17,-1.,0.,-46.,6.12323399573677E-17,          1129P   2653
3.74939945665464E-33,1.,-46.,-1.,-6.12323399573677E-17,             1129P   2654
6.12323399573677E-17,-2.81668763803891E-15;                         1129P   2655
100,0.,0.,-46.,20.,-46.,-20.,-46.;                                  1131P   2656
126,64,2,1,0,1,0,0.,0.,0.,0.03125,0.03125,0.0625,0.0625,            1133P   2657
0.09375,0.09375,0.125,0.125,0.15625,0.15625,0.1875,0.1875,          1133P   2658
0.21875,0.21875,0.25,0.25,0.28125,0.28125,0.3125,0.3125,            1133P   2659
0.34375,0.34375,0.375,0.375,0.40625,0.40625,0.4375,0.4375,          1133P   2660
0.46875,0.46875,0.5,0.5,0.53125,0.53125,0.5625,0.5625,0.59375,      1133P   2661
0.59375,0.625,0.625,0.65625,0.65625,0.6875,0.6875,0.71875,          1133P   2662
0.71875,0.75,0.75,0.78125,0.78125,0.8125,0.8125,0.84375,            1133P   2663
0.84375,0.875,0.875,0.90625,0.90625,0.9375,0.9375,0.96875,          1133P   2664
0.96875,1.,1.,1.,1.,1.,1.,1.,1.,1.,1.,1.,1.,1.,1.,1.,1.,1.,1.,      1133P   2665
1.,1.,1.,1.,1.,1.,1.,1.,1.,1.,1.,1.,1.,1.,1.,1.,1.,1.,1.,1.,1.,     1133P   2666
1.,1.,1.,1.,1.,1.,1.,1.,1.,1.,1.,1.,1.,1.,1.,1.,1.,1.,1.,1.,1.,     1133P   2667
1.,1.,1.,1.,1.,1.,1.,1.,0.079513918,0.5,0.,0.079513918,             1133P   2668
0.520657157,0.,0.081538674,0.541214843,0.,0.083563429,              1133P   2669
0.56177253,0.,0.08759344,0.582032765,0.,0.091623452,0.602293,       1133P   2670
0.,0.097619908,0.622060667,0.,0.103616364,0.641828333,0.,           1133P   2671
0.111521515,0.660913057,0.,0.119426667,0.679997781,0.,              1133P   2672
0.129164383,0.698215767,0.,0.138902099,0.716433753,0.,              1133P   2673
0.1503786,0.733609551,0.,0.161855102,0.750785348,0.,                1133P   2674
0.174959863,0.766753546,0.,0.188064625,0.782721744,0.,              1133P   2675
0.20267144,0.79732856,0.,0.217278256,0.811935375,0.,                1133P   2676
0.233246454,0.825040137,0.,0.249214652,0.838144898,0.,              1133P   2677
0.266390449,0.8496214,0.,0.283566247,0.861097901,0.,                1133P   2678
0.301784233,0.870835617,0.,0.320002219,0.880573333,0.,              1133P   2679
0.339086943,0.888478485,0.,0.358171667,0.896383636,0.,              1133P   2680
0.377939333,0.902380092,0.,0.397707,0.908376548,0.,0.417967235,     1133P   2681
0.91240656,0.,0.43822747,0.916436571,0.,0.458785157,                1133P   2682
0.918461326,0.,0.479342843,0.920486082,0.,0.5,0.920486082,0.,       1133P   2683
0.520657157,0.920486082,0.,0.541214843,0.918461326,0.,              1133P   2684
0.56177253,0.916436571,0.,0.582032765,0.91240656,0.,0.602293,       1133P   2685
0.908376548,0.,0.622060667,0.902380092,0.,0.641828333,              1133P   2686
0.896383636,0.,0.660913057,0.888478485,0.,0.679997781,              1133P   2687
0.880573333,0.,0.698215767,0.870835617,0.,0.716433753,              1133P   2688
0.861097901,0.,0.733609551,0.8496214,0.,0.750785348,                1133P   2689
0.838144898,0.,0.766753546,0.825040137,0.,0.782721744,              1133P   2690
0.811935375,0.,0.79732856,0.79732856,0.,0.811935375,                1133P   2691
0.782721744,0.,0.825040137,0.766753546,0.,0.838144898,              1133P   2692
0.750785348,0.,0.8496214,0.733609551,0.,0.861097901,                1133P   2693
0.716433753,0.,0.870835617,0.698215767,0.,0.880573333,              1133P   2694
0.679997781,0.,0.888478485,0.660913057,0.,0.896383636,              1133P   2695
0.641828333,0.,0.902380092,0.622060667,0.,0.908376548,0.602293,     1133P   2696
0.,0.91240656,0.582032765,0.,0.916436571,0.56177253,0.,             1133P   2697
0.918461326,0.541214843,0.,0.920486082,0.520657157,0.,              1133P   2698
0.920486082,0.5,0.,0.,1.,0.,0.,1.;                                  1133P   2699
124,1.40271576953299E-14,1.,0.,46.,-6.12323399573677E-17,           1135P   2700
8.58915688636046E-31,1.,-46.,1.,-1.40271576953299E-14,              1135P   2701
6.12323399573677E-17,-6.45249253985175E-13;                         1135P   2702
100,0.,0.,-46.,20.,-46.,-20.,-46.;                                  1137P   2703
102,2,1127,1133;                                                    1139P   2704
102,2,1131,1137;                                                    1141P   2705
142,1,1107,1139,1141,1;                                             1143P   2706
144,1107,1,1,1125,1143;                                             1145P   2707
128,1,1,1,1,0,0,1,0,0,0.,0.,1.,1.,0.,0.,1.,1.,1.,1.,1.,1.,          1147P   2708
-23.782,0.,23.782,-23.782,0.,-23.782,23.782,0.,23.782,23.782,       1147P   2709
0.,-23.782,0.,1.,0.,1.;                                             1147P   2710
126,64,2,1,0,1,0,0.,0.,0.,0.03125,0.03125,0.0625,0.0625,            1149P   2711
0.09375,0.09375,0.125,0.125,0.15625,0.15625,0.1875,0.1875,          1149P   2712
0.21875,0.21875,0.25,0.25,0.28125,0.28125,0.3125,0.3125,            1149P   2713
0.34375,0.34375,0.375,0.375,0.40625,0.40625,0.4375,0.4375,          1149P   2714
0.46875,0.46875,0.5,0.5,0.53125,0.53125,0.5625,0.5625,0.59375,      1149P   2715
0.59375,0.625,0.625,0.65625,0.65625,0.6875,0.6875,0.71875,          1149P   2716
0.71875,0.75,0.75,0.78125,0.78125,0.8125,0.8125,0.84375,            1149P   2717
0.84375,0.875,0.875,0.90625,0.90625,0.9375,0.9375,0.96875,          1149P   2718
0.96875,1.,1.,1.,1.,1.,1.,1.,1.,1.,1.,1.,1.,1.,1.,1.,1.,1.,1.,      1149P   2719
1.,1.,1.,1.,1.,1.,1.,1.,1.,1.,1.,1.,1.,1.,1.,1.,1.,1.,1.,1.,1.,     1149P   2720
1.,1.,1.,1.,1.,1.,1.,1.,1.,1.,1.,1.,1.,1.,1.,1.,1.,1.,1.,1.,1.,     1149P   2721
1.,1.,1.,1.,1.,1.,1.,1.,0.994071146,0.5,0.,0.994071146,             1149P   2722
0.524272159,0.,0.991692059,0.548427441,0.,0.989312971,              1149P   2723
0.572582723,0.,0.984577708,0.596388499,0.,0.979842444,              1149P   2724
0.620194275,0.,0.972796609,0.643421283,0.,0.965750773,              1149P   2725
0.666648291,0.,0.95646222,0.689072842,0.,0.947173667,               1149P   2726
0.711497393,0.,0.93573185,0.732903526,0.,0.924290033,               1149P   2727
0.754309659,0.,0.910805144,0.774491222,0.,0.897320255,              1149P   2728
0.794672784,0.,0.881922161,0.813435417,0.,0.866524066,              1149P   2729
0.83219805,0.,0.849361058,0.849361058,0.,0.83219805,                1149P   2730
0.866524066,0.,0.813435417,0.881922161,0.,0.794672784,              1149P   2731
0.897320255,0.,0.774491222,0.910805144,0.,0.754309659,              1149P   2732
0.924290033,0.,0.732903526,0.93573185,0.,0.711497393,               1149P   2733
0.947173667,0.,0.689072842,0.95646222,0.,0.666648291,               1149P   2734
0.965750773,0.,0.643421283,0.972796609,0.,0.620194275,              1149P   2735
0.979842444,0.,0.596388499,0.984577708,0.,0.572582723,              1149P   2736
0.989312971,0.,0.548427441,0.991692059,0.,0.524272159,              1149P   2737
0.994071146,0.,0.5,0.994071146,0.,0.475727841,0.994071146,0.,       1149P   2738
0.451572559,0.991692059,0.,0.427417277,0.989312971,0.,              1149P   2739
0.403611501,0.984577708,0.,0.379805725,0.979842444,0.,              1149P   2740
0.356578717,0.972796609,0.,0.333351709,0.965750773,0.,              1149P   2741
0.310927158,0.95646222,0.,0.288502607,0.947173667,0.,               1149P   2742
0.267096474,0.93573185,0.,0.245690341,0.924290033,0.,               1149P   2743
0.225508778,0.910805144,0.,0.205327216,0.897320255,0.,              1149P   2744
0.186564583,0.881922161,0.,0.16780195,0.866524066,0.,               1149P   2745
0.150638942,0.849361058,0.,0.133475934,0.83219805,0.,               1149P   2746
0.118077839,0.813435417,0.,0.102679745,0.794672784,0.,              1149P   2747
0.089194856,0.774491222,0.,0.075709967,0.754309659,0.,              1149P   2748
0.06426815,0.732903526,0.,0.052826333,0.711497393,0.,               1149P   2749
0.04353778,0.689072842,0.,0.034249227,0.666648291,0.,               1149P   2750
0.027203391,0.643421283,0.,0.020157556,0.620194275,0.,              1149P   2751
0.015422292,0.596388499,0.,0.010687029,0.572582723,0.,              1149P   2752
0.008307941,0.548427441,0.,0.005928854,0.524272159,0.,              1149P   2753
0.005928854,0.5,0.,0.,1.,0.,0.,-1.;                                 1149P   2754
124,1.40271576953299E-14,1.,0.,0.,-6.12323399573677E-17,            1151P   2755
8.58915688636046E-31,-1.,0.,-1.,1.40271576953299E-14,               1151P   2756
6.12323399573677E-17,0.;                                            1151P   2757
100,0.,0.,0.,23.5,0.,-23.5,0.;                                      1153P   2758
126,64,2,1,0,1,0,0.,0.,0.,0.03125,0.03125,0.0625,0.0625,            1155P   2759
0.09375,0.09375,0.125,0.125,0.15625,0.15625,0.1875,0.1875,          1155P   2760
0.21875,0.21875,0.25,0.25,0.28125,0.28125,0.3125,0.3125,            1155P   2761
0.34375,0.34375,0.375,0.375,0.40625,0.40625,0.4375,0.4375,          1155P   2762
0.46875,0.46875,0.5,0.5,0.53125,0.53125,0.5625,0.5625,0.59375,      1155P   2763
0.59375,0.625,0.625,0.65625,0.65625,0.6875,0.6875,0.71875,          1155P   2764
0.71875,0.75,0.75,0.78125,0.78125,0.8125,0.8125,0.84375,            1155P   2765
0.84375,0.875,0.875,0.90625,0.90625,0.9375,0.9375,0.96875,          1155P   2766
0.96875,1.,1.,1.,1.,1.,1.,1.,1.,1.,1.,1.,1.,1.,1.,1.,1.,1.,1.,      1155P   2767
1.,1.,1.,1.,1.,1.,1.,1.,1.,1.,1.,1.,1.,1.,1.,1.,1.,1.,1.,1.,1.,     1155P   2768
1.,1.,1.,1.,1.,1.,1.,1.,1.,1.,1.,1.,1.,1.,1.,1.,1.,1.,1.,1.,1.,     1155P   2769
1.,1.,1.,1.,1.,1.,1.,1.,0.005928854,0.5,0.,0.005928854,             1155P   2770
0.475727841,0.,0.008307941,0.451572559,0.,0.010687029,              1155P   2771
0.427417277,0.,0.015422292,0.403611501,0.,0.020157556,              1155P   2772
0.379805725,0.,0.027203391,0.356578717,0.,0.034249227,              1155P   2773
0.333351709,0.,0.04353778,0.310927158,0.,0.052826333,               1155P   2774
0.288502607,0.,0.06426815,0.267096474,0.,0.075709967,               1155P   2775
0.245690341,0.,0.089194856,0.225508778,0.,0.102679745,              1155P   2776
0.205327216,0.,0.118077839,0.186564583,0.,0.133475934,              1155P   2777
0.16780195,0.,0.150638942,0.150638942,0.,0.16780195,                1155P   2778
0.133475934,0.,0.186564583,0.118077839,0.,0.205327216,              1155P   2779
0.102679745,0.,0.225508778,0.089194856,0.,0.245690341,              1155P   2780
0.075709967,0.,0.267096474,0.06426815,0.,0.288502607,               1155P   2781
0.052826333,0.,0.310927158,0.04353778,0.,0.333351709,               1155P   2782
0.034249227,0.,0.356578717,0.027203391,0.,0.379805725,              1155P   2783
0.020157556,0.,0.403611501,0.015422292,0.,0.427417277,              1155P   2784
0.010687029,0.,0.451572559,0.008307941,0.,0.475727841,              1155P   2785
0.005928854,0.,0.5,0.005928854,0.,0.524272159,0.005928854,0.,       1155P   2786
0.548427441,0.008307941,0.,0.572582723,0.010687029,0.,              1155P   2787
0.596388499,0.015422292,0.,0.620194275,0.020157556,0.,              1155P   2788
0.643421283,0.027203391,0.,0.666648291,0.034249227,0.,              1155P   2789
0.689072842,0.04353778,0.,0.711497393,0.052826333,0.,               1155P   2790
0.732903526,0.06426815,0.,0.754309659,0.075709967,0.,               1155P   2791
0.774491222,0.089194856,0.,0.794672784,0.102679745,0.,              1155P   2792
0.813435417,0.118077839,0.,0.83219805,0.133475934,0.,               1155P   2793
0.849361058,0.150638942,0.,0.866524066,0.16780195,0.,               1155P   2794
0.881922161,0.186564583,0.,0.897320255,0.205327216,0.,              1155P   2795
0.910805144,0.225508778,0.,0.924290033,0.245690341,0.,              1155P   2796
0.93573185,0.267096474,0.,0.947173667,0.288502607,0.,               1155P   2797
0.95646222,0.310927158,0.,0.965750773,0.333351709,0.,               1155P   2798
0.972796609,0.356578717,0.,0.979842444,0.379805725,0.,              1155P   2799
0.984577708,0.403611501,0.,0.989312971,0.427417277,0.,              1155P   2800
0.991692059,0.451572559,0.,0.994071146,0.475727841,0.,              1155P   2801
0.994071146,0.5,0.,0.,1.,0.,0.,-1.;                                 1155P   2802
124,6.12323399573677E-17,-1.,0.,0.,6.12323399573677E-17,            1157P   2803
3.74939945665464E-33,-1.,0.,1.,6.12323399573677E-17,                1157P   2804
6.12323399573677E-17,0.;                                            1157P   2805
100,0.,0.,0.,23.5,0.,-23.5,0.;                                      1159P   2806
102,2,1149,1155;                                                    1161P   2807
102,2,1153,1159;                                                    1163P   2808
142,1,1147,1161,1163,1;                                             1165P   2809
126,64,2,1,0,1,0,0.,0.,0.,0.03125,0.03125,0.0625,0.0625,            1167P   2810
0.09375,0.09375,0.125,0.125,0.15625,0.15625,0.1875,0.1875,          1167P   2811
0.21875,0.21875,0.25,0.25,0.28125,0.28125,0.3125,0.3125,            1167P   2812
0.34375,0.34375,0.375,0.375,0.40625,0.40625,0.4375,0.4375,          1167P   2813
0.46875,0.46875,0.5,0.5,0.53125,0.53125,0.5625,0.5625,0.59375,      1167P   2814
0.59375,0.625,0.625,0.65625,0.65625,0.6875,0.6875,0.71875,          1167P   2815
0.71875,0.75,0.75,0.78125,0.78125,0.8125,0.8125,0.84375,            1167P   2816
0.84375,0.875,0.875,0.90625,0.90625,0.9375,0.9375,0.96875,          1167P   2817
0.96875,1.,1.,1.,1.,1.,1.,1.,1.,1.,1.,1.,1.,1.,1.,1.,1.,1.,1.,      1167P   2818
1.,1.,1.,1.,1.,1.,1.,1.,1.,1.,1.,1.,1.,1.,1.,1.,1.,1.,1.,1.,1.,     1167P   2819
1.,1.,1.,1.,1.,1.,1.,1.,1.,1.,1.,1.,1.,1.,1.,1.,1.,1.,1.,1.,1.,     1167P   2820
1.,1.,1.,1.,1.,1.,1.,1.,0.079513918,0.5,0.,0.079513918,             1167P   2821
0.520657157,0.,0.081538674,0.541214843,0.,0.083563429,              1167P   2822
0.56177253,0.,0.08759344,0.582032765,0.,0.091623452,0.602293,       1167P   2823
0.,0.097619908,0.622060667,0.,0.103616364,0.641828333,0.,           1167P   2824
0.111521515,0.660913057,0.,0.119426667,0.679997781,0.,              1167P   2825
0.129164383,0.698215767,0.,0.138902099,0.716433753,0.,              1167P   2826
0.1503786,0.733609551,0.,0.161855102,0.750785348,0.,                1167P   2827
0.174959863,0.766753546,0.,0.188064625,0.782721744,0.,              1167P   2828
0.20267144,0.79732856,0.,0.217278256,0.811935375,0.,                1167P   2829
0.233246454,0.825040137,0.,0.249214652,0.838144898,0.,              1167P   2830
0.266390449,0.8496214,0.,0.283566247,0.861097901,0.,                1167P   2831
0.301784233,0.870835617,0.,0.320002219,0.880573333,0.,              1167P   2832
0.339086943,0.888478485,0.,0.358171667,0.896383636,0.,              1167P   2833
0.377939333,0.902380092,0.,0.397707,0.908376548,0.,0.417967235,     1167P   2834
0.91240656,0.,0.43822747,0.916436571,0.,0.458785157,                1167P   2835
0.918461326,0.,0.479342843,0.920486082,0.,0.5,0.920486082,0.,       1167P   2836
0.520657157,0.920486082,0.,0.541214843,0.918461326,0.,              1167P   2837
0.56177253,0.916436571,0.,0.582032765,0.91240656,0.,0.602293,       1167P   2838
0.908376548,0.,0.622060667,0.902380092,0.,0.641828333,              1167P   2839
0.896383636,0.,0.660913057,0.888478485,0.,0.679997781,              1167P   2840
0.880573333,0.,0.698215767,0.870835617,0.,0.716433753,              1167P   2841
0.861097901,0.,0.733609551,0.8496214,0.,0.750785348,                1167P   2842
0.838144898,0.,0.766753546,0.825040137,0.,0.782721744,              1167P   2843
0.811935375,0.,0.79732856,0.79732856,0.,0.811935375,                1167P   2844
0.782721744,0.,0.825040137,0.766753546,0.,0.838144898,              1167P   2845
0.750785348,0.,0.8496214,0.733609551,0.,0.861097901,                1167P   2846
0.716433753,0.,0.870835617,0.698215767,0.,0.880573333,              1167P   2847
0.679997781,0.,0.888478485,0.660913057,0.,0.896383636,              1167P   2848
0.641828333,0.,0.902380092,0.622060667,0.,0.908376548,0.602293,     1167P   2849
0.,0.91240656,0.582032765,0.,0.916436571,0.56177253,0.,             1167P   2850
0.918461326,0.541214843,0.,0.920486082,0.520657157,0.,              1167P   2851
0.920486082,0.5,0.,0.,1.,0.,0.,1.;                                  1167P   2852
124,1.40271576953299E-14,1.,0.,0.,-6.12323399573677E-17,            1169P   2853
8.58915688636046E-31,1.,0.,1.,-1.40271576953299E-14,                1169P   2854
6.12323399573677E-17,0.;                                            1169P   2855
100,0.,0.,0.,20.,0.,-20.,0.;                                        1171P   2856
126,64,2,1,0,1,0,0.,0.,0.,0.03125,0.03125,0.0625,0.0625,            1173P   2857
0.09375,0.09375,0.125,0.125,0.15625,0.15625,0.1875,0.1875,          1173P   2858
0.21875,0.21875,0.25,0.25,0.28125,0.28125,0.3125,0.3125,            1173P   2859
0.34375,0.34375,0.375,0.375,0.40625,0.40625,0.4375,0.4375,          1173P   2860
0.46875,0.46875,0.5,0.5,0.53125,0.53125,0.5625,0.5625,0.59375,      1173P   2861
0.59375,0.625,0.625,0.65625,0.65625,0.6875,0.6875,0.71875,          1173P   2862
0.71875,0.75,0.75,0.78125,0.78125,0.8125,0.8125,0.84375,            1173P   2863
0.84375,0.875,0.875,0.90625,0.90625,0.9375,0.9375,0.96875,          1173P   2864
0.96875,1.,1.,1.,1.,1.,1.,1.,1.,1.,1.,1.,1.,1.,1.,1.,1.,1.,1.,      1173P   2865
1.,1.,1.,1.,1.,1.,1.,1.,1.,1.,1.,1.,1.,1.,1.,1.,1.,1.,1.,1.,1.,     1173P   2866
1.,1.,1.,1.,1.,1.,1.,1.,1.,1.,1.,1.,1.,1.,1.,1.,1.,1.,1.,1.,1.,     1173P   2867
1.,1.,1.,1.,1.,1.,1.,1.,0.920486082,0.5,0.,0.920486082,             1173P   2868
0.479342843,0.,0.918461326,0.458785157,0.,0.916436571,              1173P   2869
0.43822747,0.,0.91240656,0.417967235,0.,0.908376548,0.397707,       1173P   2870
0.,0.902380092,0.377939333,0.,0.896383636,0.358171667,0.,           1173P   2871
0.888478485,0.339086943,0.,0.880573333,0.320002219,0.,              1173P   2872
0.870835617,0.301784233,0.,0.861097901,0.283566247,0.,              1173P   2873
0.8496214,0.266390449,0.,0.838144898,0.249214652,0.,                1173P   2874
0.825040137,0.233246454,0.,0.811935375,0.217278256,0.,              1173P   2875
0.79732856,0.20267144,0.,0.782721744,0.188064625,0.,                1173P   2876
0.766753546,0.174959863,0.,0.750785348,0.161855102,0.,              1173P   2877
0.733609551,0.1503786,0.,0.716433753,0.138902099,0.,                1173P   2878
0.698215767,0.129164383,0.,0.679997781,0.119426667,0.,              1173P   2879
0.660913057,0.111521515,0.,0.641828333,0.103616364,0.,              1173P   2880
0.622060667,0.097619908,0.,0.602293,0.091623452,0.,0.582032765,     1173P   2881
0.08759344,0.,0.56177253,0.083563429,0.,0.541214843,                1173P   2882
0.081538674,0.,0.520657157,0.079513918,0.,0.5,0.079513918,0.,       1173P   2883
0.479342843,0.079513918,0.,0.458785157,0.081538674,0.,              1173P   2884
0.43822747,0.083563429,0.,0.417967235,0.08759344,0.,0.397707,       1173P   2885
0.091623452,0.,0.377939333,0.097619908,0.,0.358171667,              1173P   2886
0.103616364,0.,0.339086943,0.111521515,0.,0.320002219,              1173P   2887
0.119426667,0.,0.301784233,0.129164383,0.,0.283566247,              1173P   2888
0.138902099,0.,0.266390449,0.1503786,0.,0.249214652,                1173P   2889
0.161855102,0.,0.233246454,0.174959863,0.,0.217278256,              1173P   2890
0.188064625,0.,0.20267144,0.20267144,0.,0.188064625,                1173P   2891
0.217278256,0.,0.174959863,0.233246454,0.,0.161855102,              1173P   2892
0.249214652,0.,0.1503786,0.266390449,0.,0.138902099,                1173P   2893
0.283566247,0.,0.129164383,0.301784233,0.,0.119426667,              1173P   2894
0.320002219,0.,0.111521515,0.339086943,0.,0.103616364,              1173P   2895
0.358171667,0.,0.097619908,0.377939333,0.,0.091623452,0.397707,     1173P   2896
0.,0.08759344,0.417967235,0.,0.083563429,0.43822747,0.,             1173P   2897
0.081538674,0.458785157,0.,0.079513918,0.479342843,0.,              1173P   2898
0.079513918,0.5,0.,0.,1.,0.,0.,1.;                                  1173P   2899
124,6.12323399573677E-17,-1.,0.,0.,6.12323399573677E-17,            1175P   2900
3.74939945665464E-33,1.,0.,-1.,-6.12323399573677E-17,               1175P   2901
6.12323399573677E-17,0.;                                            1175P   2902
100,0.,0.,0.,20.,0.,-20.,0.;                                        1177P   2903
102,2,1167,1173;                                                    1179P   2904
102,2,1171,1177;                                                    1181P   2905
142,1,1147,1179,1181,1;                                             1183P   2906
144,1147,1,1,1165,1183;                                             1185P   2907
110,0.,-46.,0.,0.,954.,0.;                                          1187P   2908
110,0.,-46.,23.5,0.,0.,23.5;                                        1189P   2909
120,1187,1189,0.,6.28318530717959;                                  1191P   2910
126,1,1,1,0,1,0,0.,0.,1.,1.,1.,1.,1.,3.141592654,0.,0.,             1193P   2911
3.141592654,0.,0.,1.,0.,0.,1.;                                      1193P   2912
110,0.,0.,-23.5,0.,-46.,-23.5;                                      1195P   2913
126,1,1,1,0,1,0,0.,0.,1.,1.,1.,1.,0.,3.141592654,0.,0.,             1197P   2914
6.283185307,0.,0.,1.,0.,0.,1.;                                      1197P   2915
124,6.12323399573677E-17,-1.,0.,-46.,6.12323399573677E-17,          1199P   2916
3.74939945665464E-33,1.,-46.,-1.,-6.12323399573677E-17,             1199P   2917
6.12323399573677E-17,-2.81668763803891E-15;                         1199P   2918
100,0.,0.,-46.,23.5,-46.,-23.5,-46.;                                1201P   2919
126,1,1,1,0,1,0,0.,0.,1.,1.,1.,1.,0.,6.283185307,0.,1.,             1203P   2920
6.283185307,0.,0.,1.,0.,0.,1.;                                      1203P   2921
110,0.,-46.,23.5,0.,0.,23.5;                                        1205P   2922
126,1,1,1,0,1,0,0.,0.,1.,1.,1.,1.,1.,6.283185307,0.,1.,             1207P   2923
3.141592654,0.,0.,1.,0.,0.,1.;                                      1207P   2924
124,6.12323399573677E-17,-1.,0.,0.,6.12323399573677E-17,            1209P   2925
3.74939945665464E-33,-1.,0.,1.,6.12323399573677E-17,                1209P   2926
6.12323399573677E-17,0.;                                            1209P   2927
100,0.,0.,0.,23.5,0.,-23.5,0.;                                      1211P   2928
102,4,1193,1197,1203,1207;                                          1213P   2929
102,4,1195,1201,1205,1211;                                          1215P   2930
142,1,1191,1213,1215,1;                                             1217P   2931
144,1191,1,0,1217;                                                  1219P   2932
110,0.,-46.,0.,0.,954.,0.;                                          1221P   2933
110,0.,-46.,20.,0.,0.,20.;                                          1223P   2934
120,1221,1223,0.,6.28318530717959;                                  1225P   2935
126,1,1,1,0,1,0,0.,0.,1.,1.,1.,1.,1.,3.141592654,0.,1.,0.,0.,       1227P   2936
0.,1.,0.,0.,1.;                                                     1227P   2937
124,1.40271576953299E-14,1.,0.,0.,-6.12323399573677E-17,            1229P   2938
8.58915688636046E-31,-1.,0.,-1.,1.40271576953299E-14,               1229P   2939
6.12323399573677E-17,0.;                                            1229P   2940
100,0.,0.,0.,20.,0.,-20.,0.;                                        1231P   2941
126,1,1,1,0,1,0,0.,0.,1.,1.,1.,1.,1.,0.,0.,0.,0.,0.,0.,1.,0.,       1233P   2942
0.,1.;                                                              1233P   2943
110,0.,0.,20.,0.,-46.,20.;                                          1235P   2944
126,1,1,1,0,1,0,0.,0.,1.,1.,1.,1.,0.,0.,0.,0.,3.141592654,0.,       1237P   2945
0.,1.,0.,0.,1.;                                                     1237P   2946
124,1.40271576953299E-14,1.,0.,46.,-6.12323399573677E-17,           1239P   2947
8.58915688636046E-31,1.,-46.,1.,-1.40271576953299E-14,              1239P   2948
6.12323399573677E-17,-6.45249253985175E-13;                         1239P   2949
100,0.,0.,-46.,20.,-46.,-20.,-46.;                                  1241P   2950
126,1,1,1,0,1,0,0.,0.,1.,1.,1.,1.,0.,3.141592654,0.,1.,             1243P   2951
3.141592654,0.,0.,1.,0.,0.,1.;                                      1243P   2952
110,0.,-46.,-20.,0.,0.,-20.;                                        1245P   2953
102,4,1227,1233,1237,1243;                                          1247P   2954
102,4,1231,1235,1241,1245;                                          1249P   2955
142,1,1225,1247,1249,1;                                             1251P   2956
144,1225,1,0,1251;                                                  1253P   2957
110,0.,-41.,0.,0.,-1041.,0.;                                        1255P   2958
110,0.,-41.,-4.315493312,0.,-46.,-4.315493312;                      1257P   2959
120,1255,1257,0.,6.28318530717959;                                  1259P   2960
126,1,1,1,0,1,0,0.,0.,1.,1.,1.,1.,0.,6.283185307,0.,1.,             1261P   2961
6.283185307,0.,0.,1.,0.,0.,1.;                                      1261P   2962
110,0.,-41.,-4.315493312,0.,-46.,-4.315493312;                      1263P   2963
126,1,1,1,0,1,0,0.,0.,1.,1.,1.,1.,1.,6.283185307,0.,1.,             1265P   2964
3.141592654,0.,0.,1.,0.,0.,1.;                                      1265P   2965
124,6.12323399573677E-17,-1.,0.,-46.,6.12323399573677E-17,          1267P   2966
3.74939945665464E-33,1.,-46.,-1.,-6.12323399573677E-17,             1267P   2967
6.12323399573677E-17,-2.81668763803891E-15;                         1267P   2968
100,0.,0.,-46.,4.315493312,-46.,-4.315493312,-46.;                  1269P   2969
126,1,1,1,0,1,0,0.,0.,1.,1.,1.,1.,1.,3.141592654,0.,0.,             1271P   2970
3.141592654,0.,0.,1.,0.,0.,1.;                                      1271P   2971
110,0.,-46.,4.315493312,0.,-41.,4.315493312;                        1273P   2972
126,1,1,1,0,1,0,0.,0.,1.,1.,1.,1.,0.,3.141592654,0.,0.,             1275P   2973
6.283185307,0.,0.,1.,0.,0.,1.;                                      1275P   2974
124,6.12323399573677E-17,-1.,0.,-41.,6.12323399573677E-17,          1277P   2975
3.74939945665464E-33,-1.,-41.,1.,6.12323399573677E-17,              1277P   2976
6.12323399573677E-17,2.51052593825207E-15;                          1277P   2977
100,0.,0.,-41.,4.315493312,-41.,-4.315493312,-41.;                  1279P   2978
102,4,1261,1265,1271,1275;                                          1281P   2979
102,4,1263,1269,1273,1279;                                          1283P   2980
142,1,1259,1281,1283,1;                                             1285P   2981
144,1259,1,0,1285;                                                  1287P   2982
110,0.,-41.,0.,0.,-1041.,0.;                                        1289P   2983
110,0.,-41.,-20.,0.,-46.,-20.;                                      1291P   2984
120,1289,1291,0.,6.28318530717959;                                  1293P   2985
126,1,1,1,0,1,0,0.,0.,1.,1.,1.,1.,0.,0.,0.,0.,3.141592654,0.,       1295P   2986
0.,1.,0.,0.,1.;                                                     1295P   2987
124,1.40271576953299E-14,1.,0.,41.,-6.12323399573677E-17,           1297P   2988
8.58915688636046E-31,-1.,-41.,-1.,1.40271576953299E-14,             1297P   2989
6.12323399573677E-17,5.75113465508526E-13;                          1297P   2990
100,0.,0.,-41.,20.,-41.,-20.,-41.;                                  1299P   2991
126,1,1,1,0,1,0,0.,0.,1.,1.,1.,1.,0.,3.141592654,0.,1.,             1301P   2992
3.141592654,0.,0.,1.,0.,0.,1.;                                      1301P   2993
110,0.,-41.,20.,0.,-46.,20.;                                        1303P   2994
126,1,1,1,0,1,0,0.,0.,1.,1.,1.,1.,1.,3.141592654,0.,1.,0.,0.,       1305P   2995
0.,1.,0.,0.,1.;                                                     1305P   2996
124,1.40271576953299E-14,1.,0.,46.,-6.12323399573677E-17,           1307P   2997
8.58915688636046E-31,1.,-46.,1.,-1.40271576953299E-14,              1307P   2998
6.12323399573677E-17,-6.45249253985175E-13;                         1307P   2999
100,0.,0.,-46.,20.,-46.,-20.,-46.;                                  1309P   3000
126,1,1,1,0,1,0,0.,0.,1.,1.,1.,1.,1.,0.,0.,0.,0.,0.,0.,1.,0.,       1311P   3001
0.,1.;                                                              1311P   3002
110,0.,-46.,-20.,0.,-41.,-20.;                                      1313P   3003
102,4,1295,1301,1305,1311;                                          1315P   3004
102,4,1299,1303,1309,1313;                                          1317P   3005
142,1,1293,1315,1317,1;                                             1319P   3006
144,1293,1,0,1319;                                                  1321P   3007
110,0.,-41.,0.,0.,-1041.,0.;                                        1323P   3008
110,0.,-41.,-20.,0.,-46.,-20.;                                      1325P   3009
120,1323,1325,0.,6.28318530717959;                                  1327P   3010
126,1,1,1,0,1,0,0.,0.,1.,1.,1.,1.,1.,3.141592654,0.,0.,             1329P   3011
3.141592654,0.,0.,1.,0.,0.,1.;                                      1329P   3012
110,0.,-46.,20.,0.,-41.,20.;                                        1331P   3013
126,1,1,1,0,1,0,0.,0.,1.,1.,1.,1.,0.,3.141592654,0.,0.,             1333P   3014
6.283185307,0.,0.,1.,0.,0.,1.;                                      1333P   3015
124,6.12323399573677E-17,-1.,0.,-41.,6.12323399573677E-17,          1335P   3016
3.74939945665464E-33,-1.,-41.,1.,6.12323399573677E-17,              1335P   3017
6.12323399573677E-17,2.51052593825207E-15;                          1335P   3018
100,0.,0.,-41.,20.,-41.,-20.,-41.;                                  1337P   3019
126,1,1,1,0,1,0,0.,0.,1.,1.,1.,1.,0.,6.283185307,0.,1.,             1339P   3020
6.283185307,0.,0.,1.,0.,0.,1.;                                      1339P   3021
110,0.,-41.,-20.,0.,-46.,-20.;                                      1341P   3022
126,1,1,1,0,1,0,0.,0.,1.,1.,1.,1.,1.,6.283185307,0.,1.,             1343P   3023
3.141592654,0.,0.,1.,0.,0.,1.;                                      1343P   3024
124,6.12323399573677E-17,-1.,0.,-46.,6.12323399573677E-17,          1345P   3025
3.74939945665464E-33,1.,-46.,-1.,-6.12323399573677E-17,             1345P   3026
6.12323399573677E-17,-2.81668763803891E-15;                         1345P   3027
100,0.,0.,-46.,20.,-46.,-20.,-46.;                                  1347P   3028
102,4,1329,1333,1339,1343;                                          1349P   3029
102,4,1331,1337,1341,1347;                                          1351P   3030
142,1,1327,1349,1351,1;                                             1353P   3031
144,1327,1,0,1353;                                                  1355P   3032
128,1,1,1,1,0,0,1,0,0,0.,0.,1.,1.,0.,0.,1.,1.,1.,1.,1.,1.,          1357P   3033
-20.24,-41.,20.24,-20.24,-41.,-20.24,20.24,-41.,20.24,20.24,        1357P   3034
-41.,-20.24,0.,1.,0.,1.;                                            1357P   3035
126,64,2,1,0,1,0,0.,0.,0.,0.03125,0.03125,0.0625,0.0625,            1359P   3036
0.09375,0.09375,0.125,0.125,0.15625,0.15625,0.1875,0.1875,          1359P   3037
0.21875,0.21875,0.25,0.25,0.28125,0.28125,0.3125,0.3125,            1359P   3038
0.34375,0.34375,0.375,0.375,0.40625,0.40625,0.4375,0.4375,          1359P   3039
0.46875,0.46875,0.5,0.5,0.53125,0.53125,0.5625,0.5625,0.59375,      1359P   3040
0.59375,0.625,0.625,0.65625,0.65625,0.6875,0.6875,0.71875,          1359P   3041
0.71875,0.75,0.75,0.78125,0.78125,0.8125,0.8125,0.84375,            1359P   3042
0.84375,0.875,0.875,0.90625,0.90625,0.9375,0.9375,0.96875,          1359P   3043
0.96875,1.,1.,1.,1.,1.,1.,1.,1.,1.,1.,1.,1.,1.,1.,1.,1.,1.,1.,      1359P   3044
1.,1.,1.,1.,1.,1.,1.,1.,1.,1.,1.,1.,1.,1.,1.,1.,1.,1.,1.,1.,1.,     1359P   3045
1.,1.,1.,1.,1.,1.,1.,1.,1.,1.,1.,1.,1.,1.,1.,1.,1.,1.,1.,1.,1.,     1359P   3046
1.,1.,1.,1.,1.,1.,1.,1.,0.005928854,0.5,0.,0.005928854,             1359P   3047
0.475727841,0.,0.008307941,0.451572559,0.,0.010687029,              1359P   3048
0.427417277,0.,0.015422292,0.403611501,0.,0.020157556,              1359P   3049
0.379805725,0.,0.027203391,0.356578717,0.,0.034249227,              1359P   3050
0.333351709,0.,0.04353778,0.310927158,0.,0.052826333,               1359P   3051
0.288502607,0.,0.06426815,0.267096474,0.,0.075709967,               1359P   3052
0.245690341,0.,0.089194856,0.225508778,0.,0.102679745,              1359P   3053
0.205327216,0.,0.118077839,0.186564583,0.,0.133475934,              1359P   3054
0.16780195,0.,0.150638942,0.150638942,0.,0.16780195,                1359P   3055
0.133475934,0.,0.186564583,0.118077839,0.,0.205327216,              1359P   3056
0.102679745,0.,0.225508778,0.089194856,0.,0.245690341,              1359P   3057
0.075709967,0.,0.267096474,0.06426815,0.,0.288502607,               1359P   3058
0.052826333,0.,0.310927158,0.04353778,0.,0.333351709,               1359P   3059
0.034249227,0.,0.356578717,0.027203391,0.,0.379805725,              1359P   3060
0.020157556,0.,0.403611501,0.015422292,0.,0.427417277,              1359P   3061
0.010687029,0.,0.451572559,0.008307941,0.,0.475727841,              1359P   3062
0.005928854,0.,0.5,0.005928854,0.,0.524272159,0.005928854,0.,       1359P   3063
0.548427441,0.008307941,0.,0.572582723,0.010687029,0.,              1359P   3064
0.596388499,0.015422292,0.,0.620194275,0.020157556,0.,              1359P   3065
0.643421283,0.027203391,0.,0.666648291,0.034249227,0.,              1359P   3066
0.689072842,0.04353778,0.,0.711497393,0.052826333,0.,               1359P   3067
0.732903526,0.06426815,0.,0.754309659,0.075709967,0.,               1359P   3068
0.774491222,0.089194856,0.,0.794672784,0.102679745,0.,              1359P   3069
0.813435417,0.118077839,0.,0.83219805,0.133475934,0.,               1359P   3070
0.849361058,0.150638942,0.,0.866524066,0.16780195,0.,               1359P   3071
0.881922161,0.186564583,0.,0.897320255,0.205327216,0.,              1359P   3072
0.910805144,0.225508778,0.,0.924290033,0.245690341,0.,              1359P   3073
0.93573185,0.267096474,0.,0.947173667,0.288502607,0.,               1359P   3074
0.95646222,0.310927158,0.,0.965750773,0.333351709,0.,               1359P   3075
0.972796609,0.356578717,0.,0.979842444,0.379805725,0.,              1359P   3076
0.984577708,0.403611501,0.,0.989312971,0.427417277,0.,              1359P   3077
0.991692059,0.451572559,0.,0.994071146,0.475727841,0.,              1359P   3078
0.994071146,0.5,0.,0.,1.,0.,0.,-1.;                                 1359P   3079
124,6.12323399573677E-17,-1.,0.,-41.,6.12323399573677E-17,          1361P   3080
3.74939945665464E-33,-1.,-41.,1.,6.12323399573677E-17,              1361P   3081
6.12323399573677E-17,2.51052593825207E-15;                          1361P   3082
100,0.,0.,-41.,20.,-41.,-20.,-41.;                                  1363P   3083
126,64,2,1,0,1,0,0.,0.,0.,0.03125,0.03125,0.0625,0.0625,            1365P   3084
0.09375,0.09375,0.125,0.125,0.15625,0.15625,0.1875,0.1875,          1365P   3085
0.21875,0.21875,0.25,0.25,0.28125,0.28125,0.3125,0.3125,            1365P   3086
0.34375,0.34375,0.375,0.375,0.40625,0.40625,0.4375,0.4375,          1365P   3087
0.46875,0.46875,0.5,0.5,0.53125,0.53125,0.5625,0.5625,0.59375,      1365P   3088
0.59375,0.625,0.625,0.65625,0.65625,0.6875,0.6875,0.71875,          1365P   3089
0.71875,0.75,0.75,0.78125,0.78125,0.8125,0.8125,0.84375,            1365P   3090
0.84375,0.875,0.875,0.90625,0.90625,0.9375,0.9375,0.96875,          1365P   3091
0.96875,1.,1.,1.,1.,1.,1.,1.,1.,1.,1.,1.,1.,1.,1.,1.,1.,1.,1.,      1365P   3092
1.,1.,1.,1.,1.,1.,1.,1.,1.,1.,1.,1.,1.,1.,1.,1.,1.,1.,1.,1.,1.,     1365P   3093
1.,1.,1.,1.,1.,1.,1.,1.,1.,1.,1.,1.,1.,1.,1.,1.,1.,1.,1.,1.,1.,     1365P   3094
1.,1.,1.,1.,1.,1.,1.,1.,0.994071146,0.5,0.,0.994071146,             1365P   3095
0.524272159,0.,0.991692059,0.548427441,0.,0.989312971,              1365P   3096
0.572582723,0.,0.984577708,0.596388499,0.,0.979842444,              1365P   3097
0.620194275,0.,0.972796609,0.643421283,0.,0.965750773,              1365P   3098
0.666648291,0.,0.95646222,0.689072842,0.,0.947173667,               1365P   3099
0.711497393,0.,0.93573185,0.732903526,0.,0.924290033,               1365P   3100
0.754309659,0.,0.910805144,0.774491222,0.,0.897320255,              1365P   3101
0.794672784,0.,0.881922161,0.813435417,0.,0.866524066,              1365P   3102
0.83219805,0.,0.849361058,0.849361058,0.,0.83219805,                1365P   3103
0.866524066,0.,0.813435417,0.881922161,0.,0.794672784,              1365P   3104
0.897320255,0.,0.774491222,0.910805144,0.,0.754309659,              1365P   3105
0.924290033,0.,0.732903526,0.93573185,0.,0.711497393,               1365P   3106
0.947173667,0.,0.689072842,0.95646222,0.,0.666648291,               1365P   3107
0.965750773,0.,0.643421283,0.972796609,0.,0.620194275,              1365P   3108
0.979842444,0.,0.596388499,0.984577708,0.,0.572582723,              1365P   3109
0.989312971,0.,0.548427441,0.991692059,0.,0.524272159,              1365P   3110
0.994071146,0.,0.5,0.994071146,0.,0.475727841,0.994071146,0.,       1365P   3111
0.451572559,0.991692059,0.,0.427417277,0.989312971,0.,              1365P   3112
0.403611501,0.984577708,0.,0.379805725,0.979842444,0.,              1365P   3113
0.356578717,0.972796609,0.,0.333351709,0.965750773,0.,              1365P   3114
0.310927158,0.95646222,0.,0.288502607,0.947173667,0.,               1365P   3115
0.267096474,0.93573185,0.,0.245690341,0.924290033,0.,               1365P   3116
0.225508778,0.910805144,0.,0.205327216,0.897320255,0.,              1365P   3117
0.186564583,0.881922161,0.,0.16780195,0.866524066,0.,               1365P   3118
0.150638942,0.849361058,0.,0.133475934,0.83219805,0.,               1365P   3119
0.118077839,0.813435417,0.,0.102679745,0.794672784,0.,              1365P   3120
0.089194856,0.774491222,0.,0.075709967,0.754309659,0.,              1365P   3121
0.06426815,0.732903526,0.,0.052826333,0.711497393,0.,               1365P   3122
0.04353778,0.689072842,0.,0.034249227,0.666648291,0.,               1365P   3123
0.027203391,0.643421283,0.,0.020157556,0.620194275,0.,              1365P   3124
0.015422292,0.596388499,0.,0.010687029,0.572582723,0.,              1365P   3125
0.008307941,0.548427441,0.,0.005928854,0.524272159,0.,              1365P   3126
0.005928854,0.5,0.,0.,1.,0.,0.,-1.;                                 1365P   3127
124,1.40271576953299E-14,1.,0.,41.,-6.12323399573677E-17,           1367P   3128
8.58915688636046E-31,-1.,-41.,-1.,1.40271576953299E-14,             1367P   3129
6.12323399573677E-17,5.75113465508526E-13;                          1367P   3130
100,0.,0.,-41.,20.,-41.,-20.,-41.;                                  1369P   3131
102,2,1359,1365;                                                    1371P   3132
102,2,1363,1369;                                                    1373P   3133
142,1,1357,1371,1373,1;                                             1375P   3134
126,32,2,1,0,1,0,0.,0.,0.,0.0625,0.0625,0.125,0.125,0.1875,         1377P   3135
0.1875,0.25,0.25,0.3125,0.3125,0.375,0.375,0.4375,0.4375,0.5,       1377P   3136
0.5,0.5625,0.5625,0.625,0.625,0.6875,0.6875,0.75,0.75,0.8125,       1377P   3137
0.8125,0.875,0.875,0.9375,0.9375,1.,1.,1.,1.,1.,1.,1.,1.,1.,1.,     1377P   3138
1.,1.,1.,1.,1.,1.,1.,1.,1.,1.,1.,1.,1.,1.,1.,1.,1.,1.,1.,1.,1.,     1377P   3139
1.,1.,1.,1.,1.,0.606608036,0.5,0.,0.606608036,0.489500025,0.,       1377P   3140
0.604559593,0.479201804,0.,0.602511149,0.468903583,0.,              1377P   3141
0.598492983,0.459202871,0.,0.594474816,0.449502159,0.,              1377P   3142
0.588641343,0.440771748,0.,0.582807869,0.432041338,0.,              1377P   3143
0.575383265,0.424616735,0.,0.567958662,0.417192131,0.,              1377P   3144
0.559228252,0.411358657,0.,0.550497841,0.405525184,0.,              1377P   3145
0.540797129,0.401507017,0.,0.531096417,0.397488851,0.,              1377P   3146
0.520798196,0.395440407,0.,0.510499975,0.393391964,0.,0.5,          1377P   3147
0.393391964,0.,0.489500025,0.393391964,0.,0.479201804,              1377P   3148
0.395440407,0.,0.468903583,0.397488851,0.,0.459202871,              1377P   3149
0.401507017,0.,0.449502159,0.405525184,0.,0.440771748,              1377P   3150
0.411358657,0.,0.432041338,0.417192131,0.,0.424616735,              1377P   3151
0.424616735,0.,0.417192131,0.432041338,0.,0.411358657,              1377P   3152
0.440771748,0.,0.405525184,0.449502159,0.,0.401507017,              1377P   3153
0.459202871,0.,0.397488851,0.468903583,0.,0.395440407,              1377P   3154
0.479201804,0.,0.393391964,0.489500025,0.,0.393391964,0.5,0.,       1377P   3155
0.,1.,0.,0.,1.;                                                     1377P   3156
124,6.12323399573677E-17,-1.,0.,-41.,6.12323399573677E-17,          1379P   3157
3.74939945665464E-33,1.,-41.,-1.,-6.12323399573677E-17,             1379P   3158
6.12323399573677E-17,-2.51052593825207E-15;                         1379P   3159
100,0.,0.,-41.,4.315493312,-41.,-4.315493312,-41.;                  1381P   3160
126,32,2,1,0,1,0,0.,0.,0.,0.0625,0.0625,0.125,0.125,0.1875,         1383P   3161
0.1875,0.25,0.25,0.3125,0.3125,0.375,0.375,0.4375,0.4375,0.5,       1383P   3162
0.5,0.5625,0.5625,0.625,0.625,0.6875,0.6875,0.75,0.75,0.8125,       1383P   3163
0.8125,0.875,0.875,0.9375,0.9375,1.,1.,1.,1.,1.,1.,1.,1.,1.,1.,     1383P   3164
1.,1.,1.,1.,1.,1.,1.,1.,1.,1.,1.,1.,1.,1.,1.,1.,1.,1.,1.,1.,1.,     1383P   3165
1.,1.,1.,1.,1.,0.393391964,0.5,0.,0.393391964,0.510499975,0.,       1383P   3166
0.395440407,0.520798196,0.,0.397488851,0.531096417,0.,              1383P   3167
0.401507017,0.540797129,0.,0.405525184,0.550497841,0.,              1383P   3168
0.411358657,0.559228252,0.,0.417192131,0.567958662,0.,              1383P   3169
0.424616735,0.575383265,0.,0.432041338,0.582807869,0.,              1383P   3170
0.440771748,0.588641343,0.,0.449502159,0.594474816,0.,              1383P   3171
0.459202871,0.598492983,0.,0.468903583,0.602511149,0.,              1383P   3172
0.479201804,0.604559593,0.,0.489500025,0.606608036,0.,0.5,          1383P   3173
0.606608036,0.,0.510499975,0.606608036,0.,0.520798196,              1383P   3174
0.604559593,0.,0.531096417,0.602511149,0.,0.540797129,              1383P   3175
0.598492983,0.,0.550497841,0.594474816,0.,0.559228252,              1383P   3176
0.588641343,0.,0.567958662,0.582807869,0.,0.575383265,              1383P   3177
0.575383265,0.,0.582807869,0.567958662,0.,0.588641343,              1383P   3178
0.559228252,0.,0.594474816,0.550497841,0.,0.598492983,              1383P   3179
0.540797129,0.,0.602511149,0.531096417,0.,0.604559593,              1383P   3180
0.520798196,0.,0.606608036,0.510499975,0.,0.606608036,0.5,0.,       1383P   3181
0.,1.,0.,0.,1.;                                                     1383P   3182
124,1.40271576953299E-14,1.,0.,41.,-6.12323399573677E-17,           1385P   3183
8.58915688636046E-31,1.,-41.,1.,-1.40271576953299E-14,              1385P   3184
6.12323399573677E-17,-5.75113465508526E-13;                         1385P   3185
100,0.,0.,-41.,4.315493312,-41.,-4.315493312,-41.;                  1387P   3186
102,2,1377,1383;                                                    1389P   3187
102,2,1381,1387;                                                    1391P   3188
142,1,1357,1389,1391,1;                                             1393P   3189
144,1357,1,1,1375,1393;                                             1395P   3190
128,1,1,1,1,0,0,1,0,0,0.,0.,1.,1.,0.,0.,1.,1.,1.,1.,1.,1.,          1397P   3191
-20.24,-46.,20.24,-20.24,-46.,-20.24,20.24,-46.,20.24,20.24,        1397P   3192
-46.,-20.24,0.,1.,0.,1.;                                            1397P   3193
126,64,2,1,0,1,0,0.,0.,0.,0.03125,0.03125,0.0625,0.0625,            1399P   3194
0.09375,0.09375,0.125,0.125,0.15625,0.15625,0.1875,0.1875,          1399P   3195
0.21875,0.21875,0.25,0.25,0.28125,0.28125,0.3125,0.3125,            1399P   3196
0.34375,0.34375,0.375,0.375,0.40625,0.40625,0.4375,0.4375,          1399P   3197
0.46875,0.46875,0.5,0.5,0.53125,0.53125,0.5625,0.5625,0.59375,      1399P   3198
0.59375,0.625,0.625,0.65625,0.65625,0.6875,0.6875,0.71875,          1399P   3199
0.71875,0.75,0.75,0.78125,0.78125,0.8125,0.8125,0.84375,            1399P   3200
0.84375,0.875,0.875,0.90625,0.90625,0.9375,0.9375,0.96875,          1399P   3201
0.96875,1.,1.,1.,1.,1.,1.,1.,1.,1.,1.,1.,1.,1.,1.,1.,1.,1.,1.,      1399P   3202
1.,1.,1.,1.,1.,1.,1.,1.,1.,1.,1.,1.,1.,1.,1.,1.,1.,1.,1.,1.,1.,     1399P   3203
1.,1.,1.,1.,1.,1.,1.,1.,1.,1.,1.,1.,1.,1.,1.,1.,1.,1.,1.,1.,1.,     1399P   3204
1.,1.,1.,1.,1.,1.,1.,1.,0.994071146,0.5,0.,0.994071146,             1399P   3205
0.524272159,0.,0.991692059,0.548427441,0.,0.989312971,              1399P   3206
0.572582723,0.,0.984577708,0.596388499,0.,0.979842444,              1399P   3207
0.620194275,0.,0.972796609,0.643421283,0.,0.965750773,              1399P   3208
0.666648291,0.,0.95646222,0.689072842,0.,0.947173667,               1399P   3209
0.711497393,0.,0.93573185,0.732903526,0.,0.924290033,               1399P   3210
0.754309659,0.,0.910805144,0.774491222,0.,0.897320255,              1399P   3211
0.794672784,0.,0.881922161,0.813435417,0.,0.866524066,              1399P   3212
0.83219805,0.,0.849361058,0.849361058,0.,0.83219805,                1399P   3213
0.866524066,0.,0.813435417,0.881922161,0.,0.794672784,              1399P   3214
0.897320255,0.,0.774491222,0.910805144,0.,0.754309659,              1399P   3215
0.924290033,0.,0.732903526,0.93573185,0.,0.711497393,               1399P   3216
0.947173667,0.,0.689072842,0.95646222,0.,0.666648291,               1399P   3217
0.965750773,0.,0.643421283,0.972796609,0.,0.620194275,              1399P   3218
0.979842444,0.,0.596388499,0.984577708,0.,0.572582723,              1399P   3219
0.989312971,0.,0.548427441,0.991692059,0.,0.524272159,              1399P   3220
0.994071146,0.,0.5,0.994071146,0.,0.475727841,0.994071146,0.,       1399P   3221
0.451572559,0.991692059,0.,0.427417277,0.989312971,0.,              1399P   3222
0.403611501,0.984577708,0.,0.379805725,0.979842444,0.,              1399P   3223
0.356578717,0.972796609,0.,0.333351709,0.965750773,0.,              1399P   3224
0.310927158,0.95646222,0.,0.288502607,0.947173667,0.,               1399P   3225
0.267096474,0.93573185,0.,0.245690341,0.924290033,0.,               1399P   3226
0.225508778,0.910805144,0.,0.205327216,0.897320255,0.,              1399P   3227
0.186564583,0.881922161,0.,0.16780195,0.866524066,0.,               1399P   3228
0.150638942,0.849361058,0.,0.133475934,0.83219805,0.,               1399P   3229
0.118077839,0.813435417,0.,0.102679745,0.794672784,0.,              1399P   3230
0.089194856,0.774491222,0.,0.075709967,0.754309659,0.,              1399P   3231
0.06426815,0.732903526,0.,0.052826333,0.711497393,0.,               1399P   3232
0.04353778,0.689072842,0.,0.034249227,0.666648291,0.,               1399P   3233
0.027203391,0.643421283,0.,0.020157556,0.620194275,0.,              1399P   3234
0.015422292,0.596388499,0.,0.010687029,0.572582723,0.,              1399P   3235
0.008307941,0.548427441,0.,0.005928854,0.524272159,0.,              1399P   3236
0.005928854,0.5,0.,0.,1.,0.,0.,-1.;                                 1399P   3237
124,1.40271576953299E-14,1.,0.,46.,-6.12323399573677E-17,           1401P   3238
8.58915688636046E-31,-1.,-46.,-1.,1.40271576953299E-14,             1401P   3239
6.12323399573677E-17,6.45249253985175E-13;                          1401P   3240
100,0.,0.,-46.,20.,-46.,-20.,-46.;                                  1403P   3241
126,64,2,1,0,1,0,0.,0.,0.,0.03125,0.03125,0.0625,0.0625,            1405P   3242
0.09375,0.09375,0.125,0.125,0.15625,0.15625,0.1875,0.1875,          1405P   3243
0.21875,0.21875,0.25,0.25,0.28125,0.28125,0.3125,0.3125,            1405P   3244
0.34375,0.34375,0.375,0.375,0.40625,0.40625,0.4375,0.4375,          1405P   3245
0.46875,0.46875,0.5,0.5,0.53125,0.53125,0.5625,0.5625,0.59375,      1405P   3246
0.59375,0.625,0.625,0.65625,0.65625,0.6875,0.6875,0.71875,          1405P   3247
0.71875,0.75,0.75,0.78125,0.78125,0.8125,0.8125,0.84375,            1405P   3248
0.84375,0.875,0.875,0.90625,0.90625,0.9375,0.9375,0.96875,          1405P   3249
0.96875,1.,1.,1.,1.,1.,1.,1.,1.,1.,1.,1.,1.,1.,1.,1.,1.,1.,1.,      1405P   3250
1.,1.,1.,1.,1.,1.,1.,1.,1.,1.,1.,1.,1.,1.,1.,1.,1.,1.,1.,1.,1.,     1405P   3251
1.,1.,1.,1.,1.,1.,1.,1.,1.,1.,1.,1.,1.,1.,1.,1.,1.,1.,1.,1.,1.,     1405P   3252
1.,1.,1.,1.,1.,1.,1.,1.,0.005928854,0.5,0.,0.005928854,             1405P   3253
0.475727841,0.,0.008307941,0.451572559,0.,0.010687029,              1405P   3254
0.427417277,0.,0.015422292,0.403611501,0.,0.020157556,              1405P   3255
0.379805725,0.,0.027203391,0.356578717,0.,0.034249227,              1405P   3256
0.333351709,0.,0.04353778,0.310927158,0.,0.052826333,               1405P   3257
0.288502607,0.,0.06426815,0.267096474,0.,0.075709967,               1405P   3258
0.245690341,0.,0.089194856,0.225508778,0.,0.102679745,              1405P   3259
0.205327216,0.,0.118077839,0.186564583,0.,0.133475934,              1405P   3260
0.16780195,0.,0.150638942,0.150638942,0.,0.16780195,                1405P   3261
0.133475934,0.,0.186564583,0.118077839,0.,0.205327216,              1405P   3262
0.102679745,0.,0.225508778,0.089194856,0.,0.245690341,              1405P   3263
0.075709967,0.,0.267096474,0.06426815,0.,0.288502607,               1405P   3264
0.052826333,0.,0.310927158,0.04353778,0.,0.333351709,               1405P   3265
0.034249227,0.,0.356578717,0.027203391,0.,0.379805725,              1405P   3266
0.020157556,0.,0.403611501,0.015422292,0.,0.427417277,              1405P   3267
0.010687029,0.,0.451572559,0.008307941,0.,0.475727841,              1405P   3268
0.005928854,0.,0.5,0.005928854,0.,0.524272159,0.005928854,0.,       1405P   3269
0.548427441,0.008307941,0.,0.572582723,0.010687029,0.,              1405P   3270
0.596388499,0.015422292,0.,0.620194275,0.020157556,0.,              1405P   3271
0.643421283,0.027203391,0.,0.666648291,0.034249227,0.,              1405P   3272
0.689072842,0.04353778,0.,0.711497393,0.052826333,0.,               1405P   3273
0.732903526,0.06426815,0.,0.754309659,0.075709967,0.,               1405P   3274
0.774491222,0.089194856,0.,0.794672784,0.102679745,0.,              1405P   3275
0.813435417,0.118077839,0.,0.83219805,0.133475934,0.,               1405P   3276
0.849361058,0.150638942,0.,0.866524066,0.16780195,0.,               1405P   3277
0.881922161,0.186564583,0.,0.897320255,0.205327216,0.,              1405P   3278
0.910805144,0.225508778,0.,0.924290033,0.245690341,0.,              1405P   3279
0.93573185,0.267096474,0.,0.947173667,0.288502607,0.,               1405P   3280
0.95646222,0.310927158,0.,0.965750773,0.333351709,0.,               1405P   3281
0.972796609,0.356578717,0.,0.979842444,0.379805725,0.,              1405P   3282
0.984577708,0.403611501,0.,0.989312971,0.427417277,0.,              1405P   3283
0.991692059,0.451572559,0.,0.994071146,0.475727841,0.,              1405P   3284
0.994071146,0.5,0.,0.,1.,0.,0.,-1.;                                 1405P   3285
124,6.12323399573677E-17,-1.,0.,-46.,6.12323399573677E-17,          1407P   3286
3.74939945665464E-33,-1.,-46.,1.,6.12323399573677E-17,              1407P   3287
6.12323399573677E-17,2.81668763803891E-15;                          1407P   3288
100,0.,0.,-46.,20.,-46.,-20.,-46.;                                  1409P   3289
102,2,1399,1405;                                                    1411P   3290
102,2,1403,1409;                                                    1413P   3291
142,1,1397,1411,1413,1;                                             1415P   3292
126,32,2,1,0,1,0,0.,0.,0.,0.0625,0.0625,0.125,0.125,0.1875,         1417P   3293
0.1875,0.25,0.25,0.3125,0.3125,0.375,0.375,0.4375,0.4375,0.5,       1417P   3294
0.5,0.5625,0.5625,0.625,0.625,0.6875,0.6875,0.75,0.75,0.8125,       1417P   3295
0.8125,0.875,0.875,0.9375,0.9375,1.,1.,1.,1.,1.,1.,1.,1.,1.,1.,     1417P   3296
1.,1.,1.,1.,1.,1.,1.,1.,1.,1.,1.,1.,1.,1.,1.,1.,1.,1.,1.,1.,1.,     1417P   3297
1.,1.,1.,1.,1.,0.393391964,0.5,0.,0.393391964,0.510499975,0.,       1417P   3298
0.395440407,0.520798196,0.,0.397488851,0.531096417,0.,              1417P   3299
0.401507017,0.540797129,0.,0.405525184,0.550497841,0.,              1417P   3300
0.411358657,0.559228252,0.,0.417192131,0.567958662,0.,              1417P   3301
0.424616735,0.575383265,0.,0.432041338,0.582807869,0.,              1417P   3302
0.440771748,0.588641343,0.,0.449502159,0.594474816,0.,              1417P   3303
0.459202871,0.598492983,0.,0.468903583,0.602511149,0.,              1417P   3304
0.479201804,0.604559593,0.,0.489500025,0.606608036,0.,0.5,          1417P   3305
0.606608036,0.,0.510499975,0.606608036,0.,0.520798196,              1417P   3306
0.604559593,0.,0.531096417,0.602511149,0.,0.540797129,              1417P   3307
0.598492983,0.,0.550497841,0.594474816,0.,0.559228252,              1417P   3308
0.588641343,0.,0.567958662,0.582807869,0.,0.575383265,              1417P   3309
0.575383265,0.,0.582807869,0.567958662,0.,0.588641343,              1417P   3310
0.559228252,0.,0.594474816,0.550497841,0.,0.598492983,              1417P   3311
0.540797129,0.,0.602511149,0.531096417,0.,0.604559593,              1417P   3312
0.520798196,0.,0.606608036,0.510499975,0.,0.606608036,0.5,0.,       1417P   3313
0.,1.,0.,0.,1.;                                                     1417P   3314
124,1.40271576953299E-14,1.,0.,46.,-6.12323399573677E-17,           1419P   3315
8.58915688636046E-31,1.,-46.,1.,-1.40271576953299E-14,              1419P   3316
6.12323399573677E-17,-6.45249253985175E-13;                         1419P   3317
100,0.,0.,-46.,4.315493312,-46.,-4.315493312,-46.;                  1421P   3318
126,32,2,1,0,1,0,0.,0.,0.,0.0625,0.0625,0.125,0.125,0.1875,         1423P   3319
0.1875,0.25,0.25,0.3125,0.3125,0.375,0.375,0.4375,0.4375,0.5,       1423P   3320
0.5,0.5625,0.5625,0.625,0.625,0.6875,0.6875,0.75,0.75,0.8125,       1423P   3321
0.8125,0.875,0.875,0.9375,0.9375,1.,1.,1.,1.,1.,1.,1.,1.,1.,1.,     1423P   3322
1.,1.,1.,1.,1.,1.,1.,1.,1.,1.,1.,1.,1.,1.,1.,1.,1.,1.,1.,1.,1.,     1423P   3323
1.,1.,1.,1.,1.,0.606608036,0.5,0.,0.606608036,0.489500025,0.,       1423P   3324
0.604559593,0.479201804,0.,0.602511149,0.468903583,0.,              1423P   3325
0.598492983,0.459202871,0.,0.594474816,0.449502159,0.,              1423P   3326
0.588641343,0.440771748,0.,0.582807869,0.432041338,0.,              1423P   3327
0.575383265,0.424616735,0.,0.567958662,0.417192131,0.,              1423P   3328
0.559228252,0.411358657,0.,0.550497841,0.405525184,0.,              1423P   3329
0.540797129,0.401507017,0.,0.531096417,0.397488851,0.,              1423P   3330
0.520798196,0.395440407,0.,0.510499975,0.393391964,0.,0.5,          1423P   3331
0.393391964,0.,0.489500025,0.393391964,0.,0.479201804,              1423P   3332
0.395440407,0.,0.468903583,0.397488851,0.,0.459202871,              1423P   3333
0.401507017,0.,0.449502159,0.405525184,0.,0.440771748,              1423P   3334
0.411358657,0.,0.432041338,0.417192131,0.,0.424616735,              1423P   3335
0.424616735,0.,0.417192131,0.432041338,0.,0.411358657,              1423P   3336
0.440771748,0.,0.405525184,0.449502159,0.,0.401507017,              1423P   3337
0.459202871,0.,0.397488851,0.468903583,0.,0.395440407,              1423P   3338
0.479201804,0.,0.393391964,0.489500025,0.,0.393391964,0.5,0.,       1423P   3339
0.,1.,0.,0.,1.;                                                     1423P   3340
124,6.12323399573677E-17,-1.,0.,-46.,6.12323399573677E-17,          1425P   3341
3.74939945665464E-33,1.,-46.,-1.,-6.12323399573677E-17,             1425P   3342
6.12323399573677E-17,-2.81668763803891E-15;                         1425P   3343
100,0.,0.,-46.,4.315493312,-46.,-4.315493312,-46.;                  1427P   3344
102,2,1417,1423;                                                    1429P   3345
102,2,1421,1427;                                                    1431P   3346
142,1,1397,1429,1431,1;                                             1433P   3347
144,1397,1,1,1415,1433;                                             1435P   3348
110,0.,-41.,0.,0.,-1041.,0.;                                        1437P   3349
110,0.,-41.,-4.315493312,0.,-46.,-4.315493312;                      1439P   3350
120,1437,1439,0.,6.28318530717959;                                  1441P   3351
126,1,1,1,0,1,0,0.,0.,1.,1.,1.,1.,1.,3.141592654,0.,1.,0.,0.,       1443P   3352
0.,1.,0.,0.,1.;                                                     1443P   3353
124,1.40271576953299E-14,1.,0.,46.,-6.12323399573677E-17,           1445P   3354
8.58915688636046E-31,1.,-46.,1.,-1.40271576953299E-14,              1445P   3355
6.12323399573677E-17,-6.45249253985175E-13;                         1445P   3356
100,0.,0.,-46.,4.315493312,-46.,-4.315493312,-46.;                  1447P   3357
126,1,1,1,0,1,0,0.,0.,1.,1.,1.,1.,1.,0.,0.,0.,0.,0.,0.,1.,0.,       1449P   3358
0.,1.;                                                              1449P   3359
110,0.,-46.,-4.315493312,0.,-41.,-4.315493312;                      1451P   3360
126,1,1,1,0,1,0,0.,0.,1.,1.,1.,1.,0.,0.,0.,0.,3.141592654,0.,       1453P   3361
0.,1.,0.,0.,1.;                                                     1453P   3362
124,1.40271576953299E-14,1.,0.,41.,-6.12323399573677E-17,           1455P   3363
8.58915688636046E-31,-1.,-41.,-1.,1.40271576953299E-14,             1455P   3364
6.12323399573677E-17,5.75113465508526E-13;                          1455P   3365
100,0.,0.,-41.,4.315493312,-41.,-4.315493312,-41.;                  1457P   3366
126,1,1,1,0,1,0,0.,0.,1.,1.,1.,1.,0.,3.141592654,0.,1.,             1459P   3367
3.141592654,0.,0.,1.,0.,0.,1.;                                      1459P   3368
110,0.,-41.,4.315493312,0.,-46.,4.315493312;                        1461P   3369
102,4,1443,1449,1453,1459;                                          1463P   3370
102,4,1447,1451,1457,1461;                                          1465P   3371
142,1,1441,1463,1465,1;                                             1467P   3372
144,1441,1,0,1467;                                                  1469P   3373
128,3,13,3,3,0,0,0,0,0,0.,0.,0.,0.,0.5,0.5,0.5,0.5,0.,0.,0.,0.,     1471P   3374
0.25,0.25,0.5,0.5,0.625,0.625,0.75,0.75,0.875,0.875,1.,1.,1.,       1471P   3375
1.,1.,0.333333333333333,0.333333333333333,1.,1.,                    1471P   3376
0.333333333333333,0.333333333333333,1.,1.,0.333333333333333,        1471P   3377
0.333333333333333,1.,1.,0.333333333333333,0.333333333333333,1.,     1471P   3378
1.,0.333333333333333,0.333333333333333,1.,1.,0.333333333333333,     1471P   3379
0.333333333333333,1.,1.,0.333333333333333,0.333333333333333,1.,     1471P   3380
1.,0.333333333333333,0.333333333333333,1.,1.,0.333333333333333,     1471P   3381
0.333333333333333,1.,1.,0.333333333333333,0.333333333333333,1.,     1471P   3382
1.,0.333333333333333,0.333333333333333,1.,1.,0.333333333333333,     1471P   3383
0.333333333333333,1.,1.,0.333333333333333,0.333333333333333,1.,     1471P   3384
1.,0.333333333333333,0.333333333333333,1.,0.,-46.,-4.315493312,     1471P   3385
8.630986625,-46.,-4.315493312,8.630986625,-46.,4.315493312,0.,      1471P   3386
-46.,4.315493312,0.319223431,-82.058797868,-4.315493312,            1471P   3387
8.950210055,-80.865103407,-4.315493312,8.950210055,                 1471P   3388
-80.865103407,4.315493312,0.319223431,-82.058797868,                1471P   3389
4.315493312,8.109720523,-117.000212091,-4.315493312,                1471P   3390
16.518505805,-115.023264591,-4.315493312,16.518505805,              1471P   3391
-115.023264591,4.315493312,8.109720523,-117.000212091,              1471P   3392
4.315493312,27.942364033,-185.912972556,-4.315493312,               1471P   3393
36.163850748,-183.262850385,-4.315493312,36.163850748,              1471P   3394
-183.262850385,4.315493312,27.942364033,-185.912972556,             1471P   3395
4.315493312,39.984510454,-219.884318805,-4.315493312,               1471P   3396
48.234946269,-217.297925186,-4.315493312,48.234946269,              1471P   3397
-217.297925186,4.315493312,39.984510454,-219.884318805,             1471P   3398
4.315493312,53.218293586,-271.062311683,-4.315493312,               1471P   3399
61.655484393,-269.225455771,-4.315493312,61.655484393,              1471P   3400
-269.225455771,4.315493312,53.218293586,-271.062311683,             1471P   3401
4.315493312,56.824648547,-288.158471559,-4.315493312,               1471P   3402
65.34322824,-286.686205463,-4.315493312,65.34322824,                1471P   3403
-286.686205463,4.315493312,56.824648547,-288.158471559,             1471P   3404
4.315493312,61.091184054,-322.582536565,-4.315493312,               1471P   3405
69.721627588,-322.083325342,-4.315493312,69.721627588,              1471P   3406
-322.083325342,4.315493312,61.091184054,-322.582536565,             1471P   3407
4.315493312,61.7513646,-339.910441691,-4.315493312,                 1471P   3408
70.409368608,-340.023708865,-4.315493312,70.409368608,              1471P   3409
-340.023708865,4.315493312,61.7513646,-339.910441691,               1471P   3410
4.315493312,58.789189027,-374.956084611,-4.315493312,               1471P   3411
67.31828095,-376.448885277,-4.315493312,67.31828095,                1471P   3412
-376.448885277,4.315493312,58.789189027,-374.956084611,             1471P   3413
4.315493312,55.166832909,-392.673822403,-4.315493312,               1471P   3414
63.533303164,-394.929334267,-4.315493312,63.533303164,              1471P   3415
-394.929334267,4.315493312,55.166832909,-392.673822403,             1471P   3416
4.315493312,42.303221759,-428.657218066,-4.315493312,               1471P   3417
50.1392234,-432.356168806,-4.315493312,50.1392234,                  1471P   3418
-432.356168806,4.315493312,42.303221759,-428.657218066,             1471P   3419
4.315493312,33.061966727,-446.922875937,-4.315493312,               1471P   3420
40.535056768,-451.294596088,-4.315493312,40.535056768,              1471P   3421
-451.294596088,4.315493312,33.061966727,-446.922875937,             1471P   3422
4.315493312,20.343081114,-465.541537556,-4.315493312,               1471P   3423
27.426520504,-470.472948766,-4.315493312,27.426520504,              1471P   3424
-470.472948766,4.315493312,20.343081114,-465.541537556,             1471P   3425
4.315493312,0.,0.5,0.,1.;                                           1471P   3426
126,1,1,1,0,1,0,0.,0.,1.,1.,1.,1.,0.,0.,0.,0.5,0.,0.,0.,1.,0.,      1473P   3427
0.,1.;                                                              1473P   3428
124,1.40271576953299E-14,1.,0.,46.,-6.12323399573677E-17,           1475P   3429
8.58915688636046E-31,-1.,-46.,-1.,1.40271576953299E-14,             1475P   3430
6.12323399573677E-17,6.45249253985175E-13;                          1475P   3431
100,0.,0.,-46.,4.315493312,-46.,-4.315493312,-46.;                  1477P   3432
126,1,1,1,0,1,0,0.,0.,1.,1.,1.,1.,0.5,0.,0.,0.5,1.,0.,0.,1.,0.,     1479P   3433
0.,1.;                                                              1479P   3434
126,13,3,1,0,0,0,0.,0.,0.,0.,0.25,0.25,0.5,0.5,0.625,0.625,         1481P   3435
0.75,0.75,0.875,0.875,1.,1.,1.,1.,1.,1.,1.,1.,1.,1.,1.,1.,1.,       1481P   3436
1.,1.,1.,1.,1.,0.,-46.,4.315493312,0.319223431,-82.058797868,       1481P   3437
4.315493312,8.109720523,-117.000212091,4.315493312,                 1481P   3438
27.942364033,-185.912972556,4.315493312,39.984510454,               1481P   3439
-219.884318805,4.315493312,53.218293586,-271.062311683,             1481P   3440
4.315493312,56.824648547,-288.158471559,4.315493312,                1481P   3441
61.091184054,-322.582536565,4.315493312,61.7513646,                 1481P   3442
-339.910441691,4.315493312,58.789189027,-374.956084611,             1481P   3443
4.315493312,55.166832909,-392.673822403,4.315493312,                1481P   3444
42.303221759,-428.657218066,4.315493312,33.061966727,               1481P   3445
-446.922875937,4.315493312,20.343081114,-465.541537556,             1481P   3446
4.315493312,0.,1.,0.,0.,-1.;                                        1481P   3447
126,1,1,1,0,1,0,0.,0.,1.,1.,1.,1.,0.5,1.,0.,0.,1.,0.,0.,1.,0.,      1483P   3448
0.,1.;                                                              1483P   3449
124,1.57651669496772E-14,0.820698686973066,0.571361238797913,       1485P   3450
402.412409717985,-1.10467190950203E-14,-0.571361238797913,          1485P   3451
0.820698686973066,-731.533927165905,1.,-1.92623694772465E-14,       1485P   3452
6.12323399573677E-17,-20.3430811143502;                             1485P   3453
100,0.,20.343081114,-465.541537556,24.658574427,-465.541537556,     1487P   3454
16.027587802,-465.541537556;                                        1487P   3455
126,1,1,1,0,1,0,0.,0.,1.,1.,1.,1.,0.,1.,0.,0.,0.,0.,0.,1.,0.,       1489P   3456
0.,1.;                                                              1489P   3457
126,13,3,1,0,0,0,0.,0.,0.,0.,0.125,0.125,0.25,0.25,0.375,0.375,     1491P   3458
0.5,0.5,0.75,0.75,1.,1.,1.,1.,1.,1.,1.,1.,1.,1.,1.,1.,1.,1.,1.,     1491P   3459
1.,1.,1.,20.343081114,-465.541537556,-4.315493312,33.061966727,     1491P   3460
-446.922875937,-4.315493312,42.303221759,-428.657218066,            1491P   3461
-4.315493312,55.166832909,-392.673822403,-4.315493312,              1491P   3462
58.789189027,-374.956084611,-4.315493312,61.7513646,                1491P   3463
-339.910441691,-4.315493312,61.091184054,-322.582536565,            1491P   3464
-4.315493312,56.824648547,-288.158471559,-4.315493312,              1491P   3465
53.218293586,-271.062311683,-4.315493312,39.984510454,              1491P   3466
-219.884318805,-4.315493312,27.942364033,-185.912972556,            1491P   3467
-4.315493312,8.109720523,-117.000212091,-4.315493312,               1491P   3468
0.319223431,-82.058797868,-4.315493312,0.,-46.,-4.315493312,0.,     1491P   3469
1.,0.,0.,-1.;                                                       1491P   3470
102,4,1473,1479,1483,1489;                                          1493P   3471
102,4,1477,1481,1487,1491;                                          1495P   3472
142,1,1471,1493,1495,1;                                             1497P   3473
144,1471,1,0,1497;                                                  1499P   3474
128,1,1,1,1,0,0,1,0,0,0.,0.,1.,1.,0.,0.,1.,1.,1.,1.,1.,1.,          1501P   3475
-4.367279232,-46.,4.367279232,-4.367279232,-46.,-4.367279232,       1501P   3476
4.367279232,-46.,4.367279232,4.367279232,-46.,-4.367279232,0.,      1501P   3477
1.,0.,1.;                                                           1501P   3478
126,32,2,1,0,1,0,0.,0.,0.,0.0625,0.0625,0.125,0.125,0.1875,         1503P   3479
0.1875,0.25,0.25,0.3125,0.3125,0.375,0.375,0.4375,0.4375,0.5,       1503P   3480
0.5,0.5625,0.5625,0.625,0.625,0.6875,0.6875,0.75,0.75,0.8125,       1503P   3481
0.8125,0.875,0.875,0.9375,0.9375,1.,1.,1.,1.,1.,1.,1.,1.,1.,1.,     1503P   3482
1.,1.,1.,1.,1.,1.,1.,1.,1.,1.,1.,1.,1.,1.,1.,1.,1.,1.,1.,1.,1.,     1503P   3483
1.,1.,1.,1.,1.,0.005928854,0.5,0.,0.005928854,0.451338239,0.,       1503P   3484
0.015422292,0.403611501,0.,0.024915731,0.355884763,0.,              1503P   3485
0.04353778,0.310927158,0.,0.06215983,0.265969553,0.,                1503P   3486
0.089194856,0.225508778,0.,0.116229881,0.185048003,0.,              1503P   3487
0.150638942,0.150638942,0.,0.185048003,0.116229881,0.,              1503P   3488
0.225508778,0.089194856,0.,0.265969553,0.06215983,0.,               1503P   3489
0.310927158,0.04353778,0.,0.355884763,0.024915731,0.,               1503P   3490
0.403611501,0.015422292,0.,0.451338239,0.005928854,0.,0.5,          1503P   3491
0.005928854,0.,0.548661761,0.005928854,0.,0.596388499,              1503P   3492
0.015422292,0.,0.644115237,0.024915731,0.,0.689072842,              1503P   3493
0.04353778,0.,0.734030447,0.06215983,0.,0.774491222,                1503P   3494
0.089194856,0.,0.814951997,0.116229881,0.,0.849361058,              1503P   3495
0.150638942,0.,0.883770119,0.185048003,0.,0.910805144,              1503P   3496
0.225508778,0.,0.93784017,0.265969553,0.,0.95646222,                1503P   3497
0.310927158,0.,0.975084269,0.355884763,0.,0.984577708,              1503P   3498
0.403611501,0.,0.994071146,0.451338239,0.,0.994071146,0.5,0.,       1503P   3499
0.,1.,0.,0.,-1.;                                                    1503P   3500
124,6.12323399573677E-17,-1.,0.,-46.,6.12323399573677E-17,          1505P   3501
3.74939945665464E-33,-1.,-46.,1.,6.12323399573677E-17,              1505P   3502
6.12323399573677E-17,2.81668763803891E-15;                          1505P   3503
100,0.,0.,-46.,4.315493312,-46.,-4.315493312,-46.;                  1507P   3504
126,32,2,1,0,1,0,0.,0.,0.,0.0625,0.0625,0.125,0.125,0.1875,         1509P   3505
0.1875,0.25,0.25,0.3125,0.3125,0.375,0.375,0.4375,0.4375,0.5,       1509P   3506
0.5,0.5625,0.5625,0.625,0.625,0.6875,0.6875,0.75,0.75,0.8125,       1509P   3507
0.8125,0.875,0.875,0.9375,0.9375,1.,1.,1.,1.,1.,1.,1.,1.,1.,1.,     1509P   3508
1.,1.,1.,1.,1.,1.,1.,1.,1.,1.,1.,1.,1.,1.,1.,1.,1.,1.,1.,1.,1.,     1509P   3509
1.,1.,1.,1.,1.,0.994071146,0.5,0.,0.994071146,0.548661761,0.,       1509P   3510
0.984577708,0.596388499,0.,0.975084269,0.644115237,0.,              1509P   3511
0.95646222,0.689072842,0.,0.93784017,0.734030447,0.,                1509P   3512
0.910805144,0.774491222,0.,0.883770119,0.814951997,0.,              1509P   3513
0.849361058,0.849361058,0.,0.814951997,0.883770119,0.,              1509P   3514
0.774491222,0.910805144,0.,0.734030447,0.93784017,0.,               1509P   3515
0.689072842,0.95646222,0.,0.644115237,0.975084269,0.,               1509P   3516
0.596388499,0.984577708,0.,0.548661761,0.994071146,0.,0.5,          1509P   3517
0.994071146,0.,0.451338239,0.994071146,0.,0.403611501,              1509P   3518
0.984577708,0.,0.355884763,0.975084269,0.,0.310927158,              1509P   3519
0.95646222,0.,0.265969553,0.93784017,0.,0.225508778,                1509P   3520
0.910805144,0.,0.185048003,0.883770119,0.,0.150638942,              1509P   3521
0.849361058,0.,0.116229881,0.814951997,0.,0.089194856,              1509P   3522
0.774491222,0.,0.06215983,0.734030447,0.,0.04353778,                1509P   3523
0.689072842,0.,0.024915731,0.644115237,0.,0.015422292,              1509P   3524
0.596388499,0.,0.005928854,0.548661761,0.,0.005928854,0.5,0.,       1509P   3525
0.,1.,0.,0.,-1.;                                                    1509P   3526
124,1.40271576953299E-14,1.,0.,46.,-6.12323399573677E-17,           1511P   3527
8.58915688636046E-31,-1.,-46.,-1.,1.40271576953299E-14,             1511P   3528
6.12323399573677E-17,6.45249253985175E-13;                          1511P   3529
100,0.,0.,-46.,4.315493312,-46.,-4.315493312,-46.;                  1513P   3530
102,2,1503,1509;                                                    1515P   3531
102,2,1507,1513;                                                    1517P   3532
142,1,1501,1515,1517,1;                                             1519P   3533
144,1501,1,0,1519;                                                  1521P   3534
128,1,1,1,1,0,0,1,0,0,0.,0.,1.,1.,0.,0.,1.,1.,1.,1.,1.,1.,          1523P   3535
16.758860783,-463.046243484,4.367279232,16.758860783,               1523P   3536
-463.046243484,-4.367279232,23.927301446,-468.036831628,            1523P   3537
4.367279232,23.927301446,-468.036831628,-4.367279232,0.,1.,0.,      1523P   3538
1.;                                                                 1523P   3539
126,32,2,1,0,1,0,0.,0.,0.,0.0625,0.0625,0.125,0.125,0.1875,         1525P   3540
0.1875,0.25,0.25,0.3125,0.3125,0.375,0.375,0.4375,0.4375,0.5,       1525P   3541
0.5,0.5625,0.5625,0.625,0.625,0.6875,0.6875,0.75,0.75,0.8125,       1525P   3542
0.8125,0.875,0.875,0.9375,0.9375,1.,1.,1.,1.,1.,1.,1.,1.,1.,1.,     1525P   3543
1.,1.,1.,1.,1.,1.,1.,1.,1.,1.,1.,1.,1.,1.,1.,1.,1.,1.,1.,1.,1.,     1525P   3544
1.,1.,1.,1.,1.,0.994071146,0.5,0.,0.994071146,0.548661761,0.,       1525P   3545
0.984577708,0.596388499,0.,0.975084269,0.644115237,0.,              1525P   3546
0.95646222,0.689072842,0.,0.93784017,0.734030447,0.,                1525P   3547
0.910805144,0.774491222,0.,0.883770119,0.814951997,0.,              1525P   3548
0.849361058,0.849361058,0.,0.814951997,0.883770119,0.,              1525P   3549
0.774491222,0.910805144,0.,0.734030447,0.93784017,0.,               1525P   3550
0.689072842,0.95646222,0.,0.644115237,0.975084269,0.,               1525P   3551
0.596388499,0.984577708,0.,0.548661761,0.994071146,0.,0.5,          1525P   3552
0.994071146,0.,0.451338239,0.994071146,0.,0.403611501,              1525P   3553
0.984577708,0.,0.355884763,0.975084269,0.,0.310927158,              1525P   3554
0.95646222,0.,0.265969553,0.93784017,0.,0.225508778,                1525P   3555
0.910805144,0.,0.185048003,0.883770119,0.,0.150638942,              1525P   3556
0.849361058,0.,0.116229881,0.814951997,0.,0.089194856,              1525P   3557
0.774491222,0.,0.06215983,0.734030447,0.,0.04353778,                1525P   3558
0.689072842,0.,0.024915731,0.644115237,0.,0.015422292,              1525P   3559
0.596388499,0.,0.005928854,0.548661761,0.,0.005928854,0.5,0.,       1525P   3560
0.,1.,0.,0.,-1.;                                                    1525P   3561
124,1.57651669496772E-14,0.820698686973066,-0.571361238797913,      1527P   3562
402.412409717985,-1.10467190950203E-14,-0.571361238797913,          1527P   3563
-0.820698686973066,-731.533927165905,-1.,1.92623694772465E-14,      1527P   3564
6.12323399573677E-17,20.3430811143502;                              1527P   3565
100,0.,20.343081114,-465.541537556,24.658574427,-465.541537556,     1529P   3566
16.027587802,-465.541537556;                                        1529P   3567
126,32,2,1,0,1,0,0.,0.,0.,0.0625,0.0625,0.125,0.125,0.1875,         1531P   3568
0.1875,0.25,0.25,0.3125,0.3125,0.375,0.375,0.4375,0.4375,0.5,       1531P   3569
0.5,0.5625,0.5625,0.625,0.625,0.6875,0.6875,0.75,0.75,0.8125,       1531P   3570
0.8125,0.875,0.875,0.9375,0.9375,1.,1.,1.,1.,1.,1.,1.,1.,1.,1.,     1531P   3571
1.,1.,1.,1.,1.,1.,1.,1.,1.,1.,1.,1.,1.,1.,1.,1.,1.,1.,1.,1.,1.,     1531P   3572
1.,1.,1.,1.,1.,0.005928854,0.5,0.,0.005928854,0.451338239,0.,       1531P   3573
0.015422292,0.403611501,0.,0.024915731,0.355884763,0.,              1531P   3574
0.04353778,0.310927158,0.,0.06215983,0.265969553,0.,                1531P   3575
0.089194856,0.225508778,0.,0.116229881,0.185048003,0.,              1531P   3576
0.150638942,0.150638942,0.,0.185048003,0.116229881,0.,              1531P   3577
0.225508778,0.089194856,0.,0.265969553,0.06215983,0.,               1531P   3578
0.310927158,0.04353778,0.,0.355884763,0.024915731,0.,               1531P   3579
0.403611501,0.015422292,0.,0.451338239,0.005928854,0.,0.5,          1531P   3580
0.005928854,0.,0.548661761,0.005928854,0.,0.596388499,              1531P   3581
0.015422292,0.,0.644115237,0.024915731,0.,0.689072842,              1531P   3582
0.04353778,0.,0.734030447,0.06215983,0.,0.774491222,                1531P   3583
0.089194856,0.,0.814951997,0.116229881,0.,0.849361058,              1531P   3584
0.150638942,0.,0.883770119,0.185048003,0.,0.910805144,              1531P   3585
0.225508778,0.,0.93784017,0.265969553,0.,0.95646222,                1531P   3586
0.310927158,0.,0.975084269,0.355884763,0.,0.984577708,              1531P   3587
0.403611501,0.,0.994071146,0.451338239,0.,0.994071146,0.5,0.,       1531P   3588
0.,1.,0.,0.,-1.;                                                    1531P   3589
124,1.49880108324396E-15,-0.820698686973066,-0.571361238797913,     1533P   3590
-361.726247489303,-1.0547118733939E-15,0.571361238797913,           1533P   3591
-0.820698686973066,-199.549147946125,1.,1.83268556360933E-15,       1533P   3592
-9.24380599535169E-18,-20.3430811143404;                            1533P   3593
100,0.,20.343081114,-465.541537556,24.658574427,-465.541537556,     1535P   3594
16.027587802,-465.541537556;                                        1535P   3595
102,2,1525,1531;                                                    1537P   3596
102,2,1529,1535;                                                    1539P   3597
142,1,1523,1537,1539,1;                                             1541P   3598
144,1523,1,0,1541;                                                  1543P   3599
128,3,13,3,3,0,0,0,0,0,0.5,0.5,0.5,0.5,1.,1.,1.,1.,0.,0.,0.,0.,     1545P   3600
0.25,0.25,0.5,0.5,0.625,0.625,0.75,0.75,0.875,0.875,1.,1.,1.,       1545P   3601
1.,1.,0.333333333333333,0.333333333333333,1.,1.,                    1545P   3602
0.333333333333333,0.333333333333333,1.,1.,0.333333333333333,        1545P   3603
0.333333333333333,1.,1.,0.333333333333333,0.333333333333333,1.,     1545P   3604
1.,0.333333333333333,0.333333333333333,1.,1.,0.333333333333333,     1545P   3605
0.333333333333333,1.,1.,0.333333333333333,0.333333333333333,1.,     1545P   3606
1.,0.333333333333333,0.333333333333333,1.,1.,0.333333333333333,     1545P   3607
0.333333333333333,1.,1.,0.333333333333333,0.333333333333333,1.,     1545P   3608
1.,0.333333333333333,0.333333333333333,1.,1.,0.333333333333333,     1545P   3609
0.333333333333333,1.,1.,0.333333333333333,0.333333333333333,1.,     1545P   3610
1.,0.333333333333333,0.333333333333333,1.,0.,-46.,4.315493312,      1545P   3611
-8.630986625,-46.,4.315493312,-8.630986625,-46.,-4.315493312,       1545P   3612
0.,-46.,-4.315493312,0.319223431,-82.058797868,4.315493312,         1545P   3613
-8.311763194,-83.252492329,4.315493312,-8.311763194,                1545P   3614
-83.252492329,-4.315493312,0.319223431,-82.058797868,               1545P   3615
-4.315493312,8.109720523,-117.000212091,4.315493312,                1545P   3616
-0.29906476,-118.977159591,4.315493312,-0.29906476,                 1545P   3617
-118.977159591,-4.315493312,8.109720523,-117.000212091,             1545P   3618
-4.315493312,27.942364033,-185.912972556,4.315493312,               1545P   3619
19.720877317,-188.563094727,4.315493312,19.720877317,               1545P   3620
-188.563094727,-4.315493312,27.942364033,-185.912972556,            1545P   3621
-4.315493312,39.984510454,-219.884318805,4.315493312,               1545P   3622
31.734074639,-222.470712424,4.315493312,31.734074639,               1545P   3623
-222.470712424,-4.315493312,39.984510454,-219.884318805,            1545P   3624
-4.315493312,53.218293586,-271.062311683,4.315493312,               1545P   3625
44.781102779,-272.899167596,4.315493312,44.781102779,               1545P   3626
-272.899167596,-4.315493312,53.218293586,-271.062311683,            1545P   3627
-4.315493312,56.824648547,-288.158471559,4.315493312,               1545P   3628
48.306068854,-289.630737656,4.315493312,48.306068854,               1545P   3629
-289.630737656,-4.315493312,56.824648547,-288.158471559,            1545P   3630
-4.315493312,61.091184054,-322.582536565,4.315493312,               1545P   3631
52.46074052,-323.081747788,4.315493312,52.46074052,                 1545P   3632
-323.081747788,-4.315493312,61.091184054,-322.582536565,            1545P   3633
-4.315493312,61.7513646,-339.910441691,4.315493312,                 1545P   3634
53.093360592,-339.797174517,4.315493312,53.093360592,               1545P   3635
-339.797174517,-4.315493312,61.7513646,-339.910441691,              1545P   3636
-4.315493312,58.789189027,-374.956084611,4.315493312,               1545P   3637
50.260097104,-373.463283945,4.315493312,50.260097104,               1545P   3638
-373.463283945,-4.315493312,58.789189027,-374.956084611,            1545P   3639
-4.315493312,55.166832909,-392.673822403,4.315493312,               1545P   3640
46.800362654,-390.418310539,4.315493312,46.800362654,               1545P   3641
-390.418310539,-4.315493312,55.166832909,-392.673822403,            1545P   3642
-4.315493312,42.303221759,-428.657218066,4.315493312,               1545P   3643
34.467220118,-424.958267326,4.315493312,34.467220118,               1545P   3644
-424.958267326,-4.315493312,42.303221759,-428.657218066,            1545P   3645
-4.315493312,33.061966727,-446.922875937,4.315493312,               1545P   3646
25.588876686,-442.551155786,4.315493312,25.588876686,               1545P   3647
-442.551155786,-4.315493312,33.061966727,-446.922875937,            1545P   3648
-4.315493312,20.343081114,-465.541537556,4.315493312,               1545P   3649
13.259641724,-460.610126346,4.315493312,13.259641724,               1545P   3650
-460.610126346,-4.315493312,20.343081114,-465.541537556,            1545P   3651
-4.315493312,0.5,1.,0.,1.;                                          1545P   3652
126,1,1,1,0,1,0,0.,0.,1.,1.,1.,1.,0.5,1.,0.,0.5,0.,0.,0.,1.,0.,     1547P   3653
0.,1.;                                                              1547P   3654
126,13,3,1,0,0,0,0.,0.,0.,0.,0.125,0.125,0.25,0.25,0.375,0.375,     1549P   3655
0.5,0.5,0.75,0.75,1.,1.,1.,1.,1.,1.,1.,1.,1.,1.,1.,1.,1.,1.,1.,     1549P   3656
1.,1.,1.,20.343081114,-465.541537556,4.315493312,33.061966727,      1549P   3657
-446.922875937,4.315493312,42.303221759,-428.657218066,             1549P   3658
4.315493312,55.166832909,-392.673822403,4.315493312,                1549P   3659
58.789189027,-374.956084611,4.315493312,61.7513646,                 1549P   3660
-339.910441691,4.315493312,61.091184054,-322.582536565,             1549P   3661
4.315493312,56.824648547,-288.158471559,4.315493312,                1549P   3662
53.218293586,-271.062311683,4.315493312,39.984510454,               1549P   3663
-219.884318805,4.315493312,27.942364033,-185.912972556,             1549P   3664
4.315493312,8.109720523,-117.000212091,4.315493312,0.319223431,     1549P   3665
-82.058797868,4.315493312,0.,-46.,4.315493312,0.,1.,0.,0.,-1.;      1549P   3666
126,1,1,1,0,1,0,0.,0.,1.,1.,1.,1.,0.5,0.,0.,1.,0.,0.,0.,1.,0.,      1551P   3667
0.,1.;                                                              1551P   3668
124,6.12323399573677E-17,-1.,0.,-46.,6.12323399573677E-17,          1553P   3669
3.74939945665464E-33,-1.,-46.,1.,6.12323399573677E-17,              1553P   3670
6.12323399573677E-17,2.81668763803891E-15;                          1553P   3671
100,0.,0.,-46.,4.315493312,-46.,-4.315493312,-46.;                  1555P   3672
126,1,1,1,0,1,0,0.,0.,1.,1.,1.,1.,1.,0.,0.,1.,1.,0.,0.,1.,0.,       1557P   3673
0.,1.;                                                              1557P   3674
126,13,3,1,0,0,0,0.,0.,0.,0.,0.25,0.25,0.5,0.5,0.625,0.625,         1559P   3675
0.75,0.75,0.875,0.875,1.,1.,1.,1.,1.,1.,1.,1.,1.,1.,1.,1.,1.,       1559P   3676
1.,1.,1.,1.,1.,0.,-46.,-4.315493312,0.319223431,-82.058797868,      1559P   3677
-4.315493312,8.109720523,-117.000212091,-4.315493312,               1559P   3678
27.942364033,-185.912972556,-4.315493312,39.984510454,              1559P   3679
-219.884318805,-4.315493312,53.218293586,-271.062311683,            1559P   3680
-4.315493312,56.824648547,-288.158471559,-4.315493312,              1559P   3681
61.091184054,-322.582536565,-4.315493312,61.7513646,                1559P   3682
-339.910441691,-4.315493312,58.789189027,-374.956084611,            1559P   3683
-4.315493312,55.166832909,-392.673822403,-4.315493312,              1559P   3684
42.303221759,-428.657218066,-4.315493312,33.061966727,              1559P   3685
-446.922875937,-4.315493312,20.343081114,-465.541537556,            1559P   3686
-4.315493312,0.,1.,0.,0.,-1.;                                       1559P   3687
126,1,1,1,0,1,0,0.,0.,1.,1.,1.,1.,1.,1.,0.,0.5,1.,0.,0.,1.,0.,      1561P   3688
0.,1.;                                                              1561P   3689
124,1.49880108324396E-15,-0.820698686973066,0.571361238797913,      1563P   3690
-361.726247489303,-1.0547118733939E-15,0.571361238797913,           1563P   3691
0.820698686973066,-199.549147946125,-1.,-1.83268556360933E-15,      1563P   3692
-9.24380599535169E-18,20.3430811143404;                             1563P   3693
100,0.,20.343081114,-465.541537556,24.658574427,-465.541537556,     1565P   3694
16.027587802,-465.541537556;                                        1565P   3695
102,4,1547,1551,1557,1561;                                          1567P   3696
102,4,1549,1555,1559,1565;                                          1569P   3697
142,1,1545,1567,1569,1;                                             1571P   3698
144,1545,1,0,1571;                                                  1573P   3699
308,0,5Hgrand,23,865,897,929,951,983,1005,1037,1071,1105,1145,      1575P   3700
1185,1219,1253,1287,1321,1355,1395,1435,1469,1499,1521,1543,        1575P   3701
1573;                                                               1575P   3702
124,0.706774697548207,-0.707106781186549,-0.0216685695337462,       1577P   3703
47.3618749498948,0.70677469754821,0.707106781186546,                1577P   3704
-0.0216685695337452,53.3446927557018,0.0306439849118476,0.,         1577P   3705
0.999530362814818,0.177682609846088;                                1577P   3706
408,1575,0.,0.,0.,1.;                                               1579P   3707
110,0.,0.,0.,0.,30.,0.;                                             1581P   3708
100,0.,0.,0.,0.,-30.,0.,30.;                                        1583P   3709
120,1581,1583,0.,6.28318530717959;                                  1585P   3710
126,1,1,1,0,1,0,0.,0.,1.,1.,1.,1.,3.141592644,0.,0.,1E-08,0.,       1587P   3711
0.,0.,1.,0.,0.,1.;                                                  1587P   3712
124,1.40271576953299E-14,1.,-6.98296267768627E-15,0.,1.,            1589P   3713
-1.40271576953299E-14,-4.27583144589696E-31,0.,                     1589P   3714
-9.83787018050981E-29,-6.98296267768627E-15,-1.,0.;                 1589P   3715
100,0.,0.,0.,30.,0.,-30.,0.;                                        1591P   3716
126,1,1,1,0,1,0,0.,0.,1.,1.,1.,1.,1E-08,3.141592654,0.,             1593P   3717
3.141592644,3.141592654,0.,0.,1.,0.,0.,1.;                          1593P   3718
124,3.83475850529286E-17,-1.,6.98296267768627E-15,0.,-1.,           1595P   3719
-3.83475850529286E-17,-4.27583144589696E-31,0.,                     1595P   3720
6.95362899793697E-31,-6.98296267768627E-15,-1.,0.;                  1595P   3721
100,0.,0.,0.,30.,0.,-30.,0.;                                        1597P   3722
126,1,1,1,0,1,0,0.,0.,1.,1.,1.,1.,3.141592644,3.141592654,0.,       1599P   3723
3.141592644,0.,0.,0.,1.,0.,0.,1.;                                   1599P   3724
102,3,1587,1593,1599;                                               1601P   3725
102,2,1591,1597;                                                    1603P   3726
142,1,1585,1601,1603,1;                                             1605P   3727
144,1585,1,0,1605;                                                  1607P   3728
110,0.,0.,0.,0.,30.,0.;                                             1609P   3729
100,0.,0.,0.,0.,-30.,0.,30.;                                        1611P   3730
120,1609,1611,0.,6.28318530717959;                                  1613P   3731
126,1,1,1,0,1,0,0.,0.,1.,1.,1.,1.,3.141592644,3.141592654,0.,       1615P   3732
1E-08,3.141592654,0.,0.,1.,0.,0.,1.;                                1615P   3733
100,0.,0.,0.,0.,30.,0.,-30.;                                        1617P   3734
126,1,1,1,0,1,0,0.,0.,1.,1.,1.,1.,1E-08,3.141592654,0.,1E-08,       1619P   3735
6.283185307,0.,0.,1.,0.,0.,1.;                                      1619P   3736
126,1,1,1,0,1,0,0.,0.,1.,1.,1.,1.,1E-08,6.283185307,0.,             1621P   3737
3.141592644,6.283185307,0.,0.,1.,0.,0.,1.;                          1621P   3738
100,0.,0.,0.,0.,-30.,0.,30.;                                        1623P   3739
102,3,1615,1619,1621;                                               1625P   3740
102,2,1617,1623;                                                    1627P   3741
142,1,1613,1625,1627,1;                                             1629P   3742
144,1613,1,0,1629;                                                  1631P   3743
308,0,8Hampoule2,2,1607,1631;                                       1633P   3744
124,0.918437769385301,-0.300125555136785,0.257675600164992,         1635P   3745
24.2510439084197,0.362646960139046,0.899018539068669,               1635P   3746
-0.245464556937951,78.3171228349117,-0.157984955196566,             1635P   3747
0.318889193239081,0.93453220188866,-2.61988997189991;               1635P   3748
408,1633,0.,0.,0.,1.;                                               1637P   3749
S      1G      3D   1638P   3749                                        T      1
